,SigC,SigH,EpsC,EpsH,density
0,0.05,0.0455,0.1643,0.02,634.421
1,0.05,0.0455,0.1643,0.04,641.987
2,0.05,0.0455,0.1643,0.06,638.865
3,0.05,0.0455,0.1643,0.08,640.72
4,0.05,0.0455,0.1643,0.1,638.745
5,0.05,0.0455,0.1643,0.12,630.802
6,0.05,0.0455,0.1643,0.14,639.814
7,0.05,0.0455,0.3286,0.02,638.968
8,0.05,0.0455,0.3286,0.04,633.104
9,0.05,0.0455,0.3286,0.06,640.002
10,0.05,0.0455,0.3286,0.08,631.58
11,0.05,0.0455,0.3286,0.1,640.634
12,0.05,0.0455,0.3286,0.12,636.454
13,0.05,0.0455,0.3286,0.14,636.951
14,0.05,0.0455,0.4929,0.02,636.031
15,0.05,0.0455,0.4929,0.04,639.548
16,0.05,0.0455,0.4929,0.06,479.741
17,0.05,0.0455,0.4929,0.08,638.596
18,0.05,0.0455,0.4929,0.1,639.01
19,0.05,0.0455,0.4929,0.12,640.459
20,0.05,0.0455,0.4929,0.14,644.386
21,0.05,0.0455,0.6572,0.02,630.721
22,0.05,0.0455,0.6572,0.04,644.16
23,0.05,0.0455,0.6572,0.06,635.734
24,0.05,0.0455,0.6572,0.08,638.007
25,0.05,0.0455,0.6572,0.1,638.319
26,0.05,0.0455,0.6572,0.12,632.855
27,0.05,0.0455,0.6572,0.14,628.472
28,0.05,0.0455,0.8215,0.02,636.348
29,0.05,0.0455,0.8215,0.04,634.283
30,0.05,0.0455,0.8215,0.06,641.911
31,0.05,0.0455,0.8215,0.08,640.573
32,0.05,0.0455,0.8215,0.1,634.216
33,0.05,0.0455,0.8215,0.12,639.856
34,0.05,0.0455,0.8215,0.14,636.645
35,0.05,0.0455,0.9858,0.02,637.272
36,0.05,0.0455,0.9858,0.04,642.89
37,0.05,0.0455,0.9858,0.06,640.876
38,0.05,0.0455,0.9858,0.08,633.697
39,0.05,0.0455,0.9858,0.1,640.99
40,0.05,0.0455,0.9858,0.12,641.396
41,0.05,0.0455,0.9858,0.14,641.372
42,0.05,0.0455,1.1501,0.02,640.986
43,0.05,0.0455,1.1501,0.04,640.664
44,0.05,0.0455,1.1501,0.06,642.195
45,0.05,0.0455,1.1501,0.08,644.147
46,0.05,0.0455,1.1501,0.1,638.78
47,0.05,0.0455,1.1501,0.12,634.956
48,0.05,0.0455,1.1501,0.14,642.42
49,0.05,0.091,0.1643,0.02,638.031
50,0.05,0.091,0.1643,0.04,643.046
51,0.05,0.091,0.1643,0.06,640.678
52,0.05,0.091,0.1643,0.08,640.968
53,0.05,0.091,0.1643,0.1,638.434
54,0.05,0.091,0.1643,0.12,634.417
55,0.05,0.091,0.1643,0.14,639.479
56,0.05,0.091,0.3286,0.02,641.117
57,0.05,0.091,0.3286,0.04,635.257
58,0.05,0.091,0.3286,0.06,635.453
59,0.05,0.091,0.3286,0.08,640.61
60,0.05,0.091,0.3286,0.1,642.708
61,0.05,0.091,0.3286,0.12,643.684
62,0.05,0.091,0.3286,0.14,636.189
63,0.05,0.091,0.4929,0.02,641.758
64,0.05,0.091,0.4929,0.04,643.721
65,0.05,0.091,0.4929,0.06,635.928
66,0.05,0.091,0.4929,0.08,638.778
67,0.05,0.091,0.4929,0.1,637.518
68,0.05,0.091,0.4929,0.12,638.713
69,0.05,0.091,0.4929,0.14,641.486
70,0.05,0.091,0.6572,0.02,638.495
71,0.05,0.091,0.6572,0.04,640.786
72,0.05,0.091,0.6572,0.06,637.61
73,0.05,0.091,0.6572,0.08,636.84
74,0.05,0.091,0.6572,0.1,641.549
75,0.05,0.091,0.6572,0.12,643.874
76,0.05,0.091,0.6572,0.14,640.055
77,0.05,0.091,0.8215,0.02,639.771
78,0.05,0.091,0.8215,0.04,637.794
79,0.05,0.091,0.8215,0.06,634.56
80,0.05,0.091,0.8215,0.08,640.757
81,0.05,0.091,0.8215,0.1,635.925
82,0.05,0.091,0.8215,0.12,639.621
83,0.05,0.091,0.8215,0.14,635.945
84,0.05,0.091,0.9858,0.02,637.454
85,0.05,0.091,0.9858,0.04,637.156
86,0.05,0.091,0.9858,0.06,640.008
87,0.05,0.091,0.9858,0.08,642.409
88,0.05,0.091,0.9858,0.1,643.604
89,0.05,0.091,0.9858,0.12,638.846
90,0.05,0.091,0.9858,0.14,639.896
91,0.05,0.091,1.1501,0.02,641.847
92,0.05,0.091,1.1501,0.04,640.851
93,0.05,0.091,1.1501,0.06,639.595
94,0.05,0.091,1.1501,0.08,643.393
95,0.05,0.091,1.1501,0.1,642.112
96,0.05,0.091,1.1501,0.12,639.61
97,0.05,0.091,1.1501,0.14,643.458
98,0.05,0.1365,0.1643,0.02,638.986
99,0.05,0.1365,0.1643,0.04,640.281
100,0.05,0.1365,0.1643,0.06,640.63
101,0.05,0.1365,0.1643,0.08,646.154
102,0.05,0.1365,0.1643,0.1,647.507
103,0.05,0.1365,0.1643,0.12,654.594
104,0.05,0.1365,0.1643,0.14,650.583
105,0.05,0.1365,0.3286,0.02,640.782
106,0.05,0.1365,0.3286,0.04,640.227
107,0.05,0.1365,0.3286,0.06,639.774
108,0.05,0.1365,0.3286,0.08,644.462
109,0.05,0.1365,0.3286,0.1,650.348
110,0.05,0.1365,0.3286,0.12,650.676
111,0.05,0.1365,0.3286,0.14,651.395
112,0.05,0.1365,0.4929,0.02,640.465
113,0.05,0.1365,0.4929,0.04,641.474
114,0.05,0.1365,0.4929,0.06,649.165
115,0.05,0.1365,0.4929,0.08,649.323
116,0.05,0.1365,0.4929,0.1,646.168
117,0.05,0.1365,0.4929,0.12,650.008
118,0.05,0.1365,0.4929,0.14,652.374
119,0.05,0.1365,0.6572,0.02,641.696
120,0.05,0.1365,0.6572,0.04,643.927
121,0.05,0.1365,0.6572,0.06,642.929
122,0.05,0.1365,0.6572,0.08,646.075
123,0.05,0.1365,0.6572,0.1,647.901
124,0.05,0.1365,0.6572,0.12,650.59
125,0.05,0.1365,0.6572,0.14,651.803
126,0.05,0.1365,0.8215,0.02,639.85
127,0.05,0.1365,0.8215,0.04,640.505
128,0.05,0.1365,0.8215,0.06,642.89
129,0.05,0.1365,0.8215,0.08,648.555
130,0.05,0.1365,0.8215,0.1,653.975
131,0.05,0.1365,0.8215,0.12,647.239
132,0.05,0.1365,0.8215,0.14,651.749
133,0.05,0.1365,0.9858,0.02,645.315
134,0.05,0.1365,0.9858,0.04,641.12
135,0.05,0.1365,0.9858,0.06,646.639
136,0.05,0.1365,0.9858,0.08,646.402
137,0.05,0.1365,0.9858,0.1,644.203
138,0.05,0.1365,0.9858,0.12,651.056
139,0.05,0.1365,0.9858,0.14,653.483
140,0.05,0.1365,1.1501,0.02,636.16
141,0.05,0.1365,1.1501,0.04,641.781
142,0.05,0.1365,1.1501,0.06,642.187
143,0.05,0.1365,1.1501,0.08,649.118
144,0.05,0.1365,1.1501,0.1,649.727
145,0.05,0.1365,1.1501,0.12,655.13
146,0.05,0.1365,1.1501,0.14,652.651
147,0.05,0.182,0.1643,0.02,646.846
148,0.05,0.182,0.1643,0.04,648.755
149,0.05,0.182,0.1643,0.06,659.493
150,0.05,0.182,0.1643,0.08,670.844
151,0.05,0.182,0.1643,0.1,675.375
152,0.05,0.182,0.1643,0.12,683.329
153,0.05,0.182,0.1643,0.14,689.868
154,0.05,0.182,0.3286,0.02,646.513
155,0.05,0.182,0.3286,0.04,657.206
156,0.05,0.182,0.3286,0.06,659.805
157,0.05,0.182,0.3286,0.08,663.768
158,0.05,0.182,0.3286,0.1,673.474
159,0.05,0.182,0.3286,0.12,680.443
160,0.05,0.182,0.3286,0.14,687.173
161,0.05,0.182,0.4929,0.02,650.294
162,0.05,0.182,0.4929,0.04,653.313
163,0.05,0.182,0.4929,0.06,659.095
164,0.05,0.182,0.4929,0.08,668.616
165,0.05,0.182,0.4929,0.1,675.607
166,0.05,0.182,0.4929,0.12,680.54
167,0.05,0.182,0.4929,0.14,687.268
168,0.05,0.182,0.6572,0.02,650.669
169,0.05,0.182,0.6572,0.04,651.057
170,0.05,0.182,0.6572,0.06,663.9
171,0.05,0.182,0.6572,0.08,669.204
172,0.05,0.182,0.6572,0.1,675.872
173,0.05,0.182,0.6572,0.12,684.604
174,0.05,0.182,0.6572,0.14,689.713
175,0.05,0.182,0.8215,0.02,646.75
176,0.05,0.182,0.8215,0.04,656.224
177,0.05,0.182,0.8215,0.06,662.298
178,0.05,0.182,0.8215,0.08,668.52
179,0.05,0.182,0.8215,0.1,676.012
180,0.05,0.182,0.8215,0.12,679.209
181,0.05,0.182,0.8215,0.14,688.714
182,0.05,0.182,0.9858,0.02,647.064
183,0.05,0.182,0.9858,0.04,653.478
184,0.05,0.182,0.9858,0.06,665.059
185,0.05,0.182,0.9858,0.08,670.275
186,0.05,0.182,0.9858,0.1,675.578
187,0.05,0.182,0.9858,0.12,681.5
188,0.05,0.182,0.9858,0.14,691.086
189,0.05,0.182,1.1501,0.02,642.613
190,0.05,0.182,1.1501,0.04,658.569
191,0.05,0.182,1.1501,0.06,660.66
192,0.05,0.182,1.1501,0.08,670.229
193,0.05,0.182,1.1501,0.1,674.873
194,0.05,0.182,1.1501,0.12,682.431
195,0.05,0.182,1.1501,0.14,690.056
196,0.05,0.2275,0.1643,0.02,643.05
197,0.05,0.2275,0.1643,0.04,648.703
198,0.05,0.2275,0.1643,0.06,655.059
199,0.05,0.2275,0.1643,0.08,661.582
200,0.1,0.091,0.1643,0.1,639.885
201,0.05,0.2275,0.1643,0.1,671.789
202,0.05,0.2275,0.1643,0.12,680.43
203,0.05,0.2275,0.1643,0.14,688.044
204,0.05,0.2275,0.3286,0.02,647.554
205,0.05,0.2275,0.3286,0.04,644.888
206,0.05,0.2275,0.3286,0.06,659.186
207,0.05,0.2275,0.3286,0.08,663.812
208,0.05,0.2275,0.3286,0.1,670.33
209,0.05,0.2275,0.3286,0.12,677.132
210,0.05,0.2275,0.3286,0.14,687.005
211,0.05,0.2275,0.4929,0.02,643.233
212,0.05,0.2275,0.4929,0.04,648.926
213,0.05,0.2275,0.4929,0.06,655.057
214,0.05,0.2275,0.4929,0.08,668.001
215,0.05,0.2275,0.4929,0.1,671.773
216,0.05,0.2275,0.4929,0.12,681.518
217,0.05,0.2275,0.4929,0.14,686.487
218,0.05,0.2275,0.6572,0.02,640.838
219,0.05,0.2275,0.6572,0.04,651.043
220,0.05,0.2275,0.6572,0.06,654.949
221,0.05,0.2275,0.6572,0.08,660.462
222,0.05,0.2275,0.6572,0.1,670.396
223,0.05,0.2275,0.6572,0.12,678.524
224,0.05,0.2275,0.6572,0.14,688.108
225,0.05,0.2275,0.8215,0.02,638.138
226,0.05,0.2275,0.8215,0.04,648.701
227,0.05,0.2275,0.8215,0.06,655.916
228,0.05,0.2275,0.8215,0.08,659.823
229,0.05,0.2275,0.8215,0.1,672.887
230,0.05,0.2275,0.8215,0.12,678.079
231,0.05,0.2275,0.8215,0.14,687.523
232,0.05,0.2275,0.9858,0.02,642.537
233,0.05,0.2275,0.9858,0.04,648.084
234,0.05,0.2275,0.9858,0.06,653.941
235,0.05,0.2275,0.9858,0.08,663.813
236,0.05,0.2275,0.9858,0.1,671.841
237,0.05,0.2275,0.9858,0.12,679.383
238,0.05,0.2275,0.9858,0.14,685.613
239,0.05,0.2275,1.1501,0.02,638.509
240,0.05,0.2275,1.1501,0.04,650.061
241,0.05,0.2275,1.1501,0.06,658.233
242,0.05,0.2275,1.1501,0.08,661.569
243,0.05,0.2275,1.1501,0.1,669.645
244,0.05,0.2275,1.1501,0.12,677.733
245,0.05,0.2275,1.1501,0.14,685.498
301,0.1,0.091,0.3286,0.1,643.841
345,0.1,0.0455,0.1643,0.02,641.703
346,0.1,0.0455,0.1643,0.04,637.703
347,0.1,0.0455,0.1643,0.06,639.577
348,0.1,0.0455,0.1643,0.08,638.526
349,0.1,0.0455,0.1643,0.1,642.626
350,0.1,0.0455,0.1643,0.12,639.675
351,0.1,0.0455,0.1643,0.14,635.945
352,0.1,0.0455,0.3286,0.02,638.019
353,0.1,0.0455,0.3286,0.04,640.355
354,0.1,0.0455,0.3286,0.06,643.267
355,0.1,0.0455,0.3286,0.08,638.558
356,0.1,0.0455,0.3286,0.1,640.864
357,0.1,0.0455,0.3286,0.12,638.018
358,0.1,0.0455,0.3286,0.14,641.364
359,0.1,0.0455,0.4929,0.02,642.162
360,0.1,0.0455,0.4929,0.04,637.144
361,0.1,0.0455,0.4929,0.06,637.573
362,0.1,0.0455,0.4929,0.08,642.477
363,0.1,0.0455,0.4929,0.1,644.509
364,0.1,0.0455,0.4929,0.12,640.479
365,0.1,0.0455,0.4929,0.14,643.599
366,0.1,0.0455,0.6572,0.02,640.259
367,0.1,0.0455,0.6572,0.04,636.332
368,0.1,0.0455,0.6572,0.06,640.765
369,0.1,0.0455,0.6572,0.08,630.405
370,0.1,0.0455,0.6572,0.1,637.898
371,0.1,0.0455,0.6572,0.12,639.015
372,0.1,0.0455,0.6572,0.14,641.129
373,0.1,0.0455,0.8215,0.02,640.545
374,0.1,0.0455,0.8215,0.04,639.624
375,0.1,0.0455,0.8215,0.06,643.111
376,0.1,0.0455,0.8215,0.08,638.493
377,0.1,0.0455,0.8215,0.1,637.579
378,0.1,0.0455,0.8215,0.12,641.578
379,0.1,0.0455,0.8215,0.14,639.999
380,0.1,0.0455,0.9858,0.02,634.822
381,0.1,0.0455,0.9858,0.04,632.919
382,0.1,0.0455,0.9858,0.06,639.68
383,0.1,0.0455,0.9858,0.08,638.288
384,0.1,0.0455,0.9858,0.1,640.342
385,0.1,0.0455,0.9858,0.12,643.74
386,0.1,0.0455,0.9858,0.14,637.541
387,0.1,0.0455,1.1501,0.02,633.543
388,0.1,0.0455,1.1501,0.04,642.706
389,0.1,0.0455,1.1501,0.06,636.369
390,0.1,0.0455,1.1501,0.08,643.897
391,0.1,0.0455,1.1501,0.1,643.656
392,0.1,0.0455,1.1501,0.12,639.898
393,0.1,0.0455,1.1501,0.14,641.684
394,0.1,0.091,0.1643,0.02,631.868
395,0.1,0.091,0.1643,0.04,635.728
396,0.1,0.091,0.1643,0.06,635.587
397,0.1,0.091,0.1643,0.08,640.197
398,0.1,0.091,0.1643,0.12,634.676
399,0.1,0.091,0.1643,0.14,642.498
400,0.1,0.091,0.3286,0.02,634.039
401,0.1,0.091,0.3286,0.04,643.476
402,0.1,0.091,0.4929,0.1,635.387
403,0.1,0.091,0.3286,0.06,633.882
404,0.1,0.091,0.3286,0.08,639.972
405,0.1,0.091,0.3286,0.12,643.326
406,0.1,0.091,0.3286,0.14,639.927
407,0.1,0.091,0.4929,0.02,634.48
408,0.1,0.091,0.4929,0.04,640.439
409,0.1,0.091,0.4929,0.06,639.659
410,0.1,0.091,0.4929,0.08,640.372
411,0.1,0.091,0.4929,0.12,641.75
412,0.1,0.091,0.4929,0.14,639.592
413,0.1,0.091,0.6572,0.02,639.879
414,0.1,0.091,0.6572,0.04,643.936
415,0.1,0.091,0.6572,0.06,641.33
416,0.1,0.091,0.6572,0.08,637.568
417,0.1,0.091,0.6572,0.1,645.17
418,0.1,0.091,0.6572,0.12,641.102
419,0.1,0.091,0.6572,0.14,641.576
420,0.1,0.091,0.8215,0.02,641.854
421,0.1,0.091,0.8215,0.04,636.493
422,0.1,0.091,0.8215,0.06,643.986
423,0.1,0.091,0.8215,0.08,642.813
424,0.1,0.091,0.8215,0.1,635.438
425,0.1,0.091,0.8215,0.12,637.083
426,0.1,0.091,0.8215,0.14,635.015
427,0.1,0.091,0.9858,0.02,637.359
428,0.1,0.091,0.9858,0.04,635.708
429,0.1,0.091,0.9858,0.06,635.326
430,0.1,0.091,0.9858,0.08,640.087
431,0.1,0.091,0.9858,0.1,644.667
432,0.1,0.091,0.9858,0.12,645.118
433,0.1,0.091,0.9858,0.14,642.349
434,0.1,0.091,1.1501,0.02,640.784
435,0.1,0.091,1.1501,0.04,637.555
436,0.1,0.091,1.1501,0.06,634.404
437,0.1,0.091,1.1501,0.08,637.288
438,0.1,0.091,1.1501,0.1,640.542
439,0.1,0.091,1.1501,0.12,636.201
440,0.1,0.091,1.1501,0.14,639.903
441,0.1,0.1365,0.1643,0.02,642.45
442,0.1,0.1365,0.1643,0.04,639.099
443,0.1,0.1365,0.1643,0.06,643.208
444,0.1,0.1365,0.1643,0.08,645.17
445,0.1,0.1365,0.1643,0.1,648.573
446,0.1,0.1365,0.1643,0.12,647.03
447,0.1,0.1365,0.1643,0.14,653.653
448,0.1,0.1365,0.3286,0.02,636.105
449,0.1,0.1365,0.3286,0.04,639.297
450,0.1,0.1365,0.3286,0.06,646.37
451,0.1,0.1365,0.3286,0.08,650.463
452,0.1,0.1365,0.3286,0.1,650.301
453,0.1,0.1365,0.3286,0.12,651.262
454,0.1,0.1365,0.3286,0.14,652.75
455,0.1,0.1365,0.4929,0.02,640.831
456,0.1,0.1365,0.4929,0.04,638.812
457,0.1,0.1365,0.4929,0.06,648.75
458,0.1,0.1365,0.4929,0.08,643.442
459,0.1,0.1365,0.4929,0.1,644.918
460,0.1,0.1365,0.4929,0.12,651.062
461,0.1,0.1365,0.4929,0.14,648.905
462,0.1,0.1365,0.6572,0.02,641.353
463,0.1,0.1365,0.6572,0.04,643.952
464,0.1,0.1365,0.6572,0.06,645.528
465,0.1,0.1365,0.6572,0.08,641.53
466,0.1,0.1365,0.6572,0.1,652.362
467,0.1,0.1365,0.6572,0.12,647.469
468,0.1,0.1365,0.6572,0.14,649.99
469,0.1,0.1365,0.8215,0.02,638.115
470,0.1,0.1365,0.8215,0.04,643.335
471,0.1,0.1365,0.8215,0.06,646.285
472,0.1,0.1365,0.8215,0.08,651.429
473,0.1,0.1365,0.8215,0.1,651.298
474,0.1,0.1365,0.8215,0.12,649.77
475,0.1,0.1365,0.8215,0.14,657.144
476,0.1,0.1365,0.9858,0.02,644.934
477,0.1,0.1365,0.9858,0.04,637.775
478,0.1,0.1365,0.9858,0.06,642.991
479,0.1,0.1365,0.9858,0.08,648.183
480,0.1,0.1365,0.9858,0.1,647.668
481,0.1,0.1365,0.9858,0.12,658.736
482,0.1,0.1365,0.9858,0.14,650.501
483,0.1,0.1365,1.1501,0.02,646.019
484,0.1,0.1365,1.1501,0.04,642.365
485,0.1,0.1365,1.1501,0.06,641.19
486,0.1,0.1365,1.1501,0.08,647.57
487,0.1,0.1365,1.1501,0.1,653.477
488,0.1,0.1365,1.1501,0.12,648.906
489,0.1,0.1365,1.1501,0.14,655.098
490,0.1,0.182,0.1643,0.02,643.247
491,0.1,0.182,0.1643,0.04,656.885
492,0.1,0.182,0.1643,0.06,662.375
493,0.1,0.182,0.1643,0.08,671.445
494,0.1,0.182,0.1643,0.1,676.678
495,0.1,0.182,0.1643,0.12,681.606
496,0.1,0.182,0.1643,0.14,688.672
497,0.1,0.182,0.3286,0.02,644.953
498,0.1,0.182,0.3286,0.04,655.385
499,0.1,0.182,0.3286,0.06,667.989
500,0.1,0.182,0.3286,0.08,669.133
501,0.1,0.182,0.3286,0.1,678.354
502,0.1,0.182,0.3286,0.12,683.503
503,0.1,0.182,0.3286,0.14,685.473
504,0.1,0.182,0.4929,0.02,653.458
505,0.1,0.182,0.4929,0.04,652.704
506,0.1,0.182,0.4929,0.06,658.241
507,0.1,0.182,0.4929,0.08,668.483
508,0.1,0.182,0.4929,0.1,674.672
509,0.1,0.182,0.4929,0.12,681.962
510,0.1,0.182,0.4929,0.14,687.974
511,0.1,0.182,0.6572,0.02,647.14
512,0.1,0.182,0.6572,0.04,657.036
513,0.1,0.182,0.6572,0.06,658.541
514,0.1,0.182,0.6572,0.08,671.9
515,0.1,0.182,0.6572,0.1,675.39
516,0.1,0.182,0.6572,0.12,679.987
517,0.1,0.182,0.6572,0.14,685.499
518,0.1,0.182,0.8215,0.02,638.559
519,0.1,0.182,0.8215,0.04,655.424
520,0.1,0.182,0.8215,0.06,666.12
521,0.1,0.182,0.8215,0.08,670.251
522,0.1,0.182,0.8215,0.1,673.743
523,0.1,0.182,0.8215,0.12,683.621
524,0.1,0.182,0.8215,0.14,689.548
525,0.1,0.182,0.9858,0.02,651.294
526,0.1,0.182,0.9858,0.04,655.047
527,0.1,0.182,0.9858,0.06,662.02
528,0.1,0.182,0.9858,0.08,667.948
529,0.1,0.182,0.9858,0.1,675.002
530,0.1,0.182,0.9858,0.12,683.329
531,0.1,0.182,0.9858,0.14,691.19
532,0.1,0.182,1.1501,0.02,651.053
533,0.1,0.182,1.1501,0.04,654.295
534,0.1,0.182,1.1501,0.06,662.641
535,0.1,0.182,1.1501,0.08,666.582
536,0.1,0.182,1.1501,0.1,676.15
537,0.1,0.182,1.1501,0.12,680.347
538,0.1,0.182,1.1501,0.14,687.564
539,0.1,0.2275,0.1643,0.02,645.564
540,0.1,0.2275,0.1643,0.04,650.358
541,0.1,0.2275,0.1643,0.06,657.126
542,0.1,0.2275,0.1643,0.08,664.664
543,0.1,0.2275,0.1643,0.1,672.188
544,0.1,0.2275,0.1643,0.12,678.407
545,0.1,0.2275,0.1643,0.14,685.179
546,0.1,0.2275,0.3286,0.02,641.276
547,0.1,0.2275,0.3286,0.04,649.918
548,0.1,0.2275,0.3286,0.06,655.397
549,0.1,0.2275,0.3286,0.08,662.141
550,0.1,0.2275,0.3286,0.1,673.17
551,0.1,0.2275,0.3286,0.12,677.916
552,0.1,0.2275,0.3286,0.14,688.757
553,0.1,0.2275,0.4929,0.02,639.822
554,0.1,0.2275,0.4929,0.04,650.673
555,0.1,0.2275,0.4929,0.06,657.484
556,0.1,0.2275,0.4929,0.08,662.27
557,0.1,0.2275,0.4929,0.1,669.532
558,0.1,0.2275,0.4929,0.12,678.669
559,0.1,0.2275,0.4929,0.14,688.752
560,0.1,0.2275,0.6572,0.02,640.257
561,0.1,0.2275,0.6572,0.04,651.825
562,0.1,0.2275,0.6572,0.06,654.708
563,0.1,0.2275,0.6572,0.08,663.447
564,0.1,0.2275,0.6572,0.1,673.26
565,0.1,0.2275,0.6572,0.12,679.902
566,0.1,0.2275,0.6572,0.14,687.78
567,0.1,0.2275,0.8215,0.02,642.534
568,0.1,0.2275,0.8215,0.04,649.098
569,0.1,0.2275,0.8215,0.06,657.175
570,0.1,0.2275,0.8215,0.08,663.411
571,0.1,0.2275,0.8215,0.1,672.361
572,0.1,0.2275,0.8215,0.12,678.393
573,0.1,0.2275,0.8215,0.14,686.306
574,0.1,0.2275,0.9858,0.02,645.436
575,0.1,0.2275,0.9858,0.04,649.459
576,0.1,0.2275,0.9858,0.06,656.214
577,0.1,0.2275,0.9858,0.08,661.934
578,0.1,0.2275,0.9858,0.1,670.117
579,0.1,0.2275,0.9858,0.12,679.651
580,0.1,0.2275,0.9858,0.14,687.379
581,0.1,0.2275,1.1501,0.02,642.153
582,0.1,0.2275,1.1501,0.04,643.961
583,0.1,0.2275,1.1501,0.06,657.473
584,0.1,0.2275,1.1501,0.08,662.891
585,0.1,0.2275,1.1501,0.1,672.506
586,0.1,0.2275,1.1501,0.12,678.551
587,0.1,0.2275,1.1501,0.14,688.216
686,0.15,0.0455,0.1643,0.02,639.883
687,0.15,0.0455,0.1643,0.04,641.311
688,0.15,0.0455,0.1643,0.06,634.048
689,0.15,0.0455,0.1643,0.08,639.244
690,0.15,0.0455,0.1643,0.1,644.659
691,0.15,0.0455,0.1643,0.12,645.021
692,0.15,0.0455,0.1643,0.14,639.775
693,0.15,0.0455,0.3286,0.02,640.265
694,0.15,0.0455,0.3286,0.04,637.801
695,0.15,0.0455,0.3286,0.06,637.615
696,0.15,0.0455,0.3286,0.08,645.83
697,0.15,0.0455,0.3286,0.1,639.588
698,0.15,0.0455,0.3286,0.12,642.687
699,0.15,0.0455,0.3286,0.14,642.719
700,0.15,0.0455,0.4929,0.02,634.093
701,0.15,0.0455,0.4929,0.04,636.466
702,0.15,0.0455,0.4929,0.06,644.6
703,0.15,0.0455,0.4929,0.08,640.589
704,0.15,0.0455,0.4929,0.1,637.228
705,0.15,0.0455,0.4929,0.12,644.092
706,0.15,0.0455,0.4929,0.14,638.206
707,0.15,0.0455,0.6572,0.02,644.403
708,0.15,0.0455,0.6572,0.04,642.964
709,0.15,0.0455,0.6572,0.06,644.823
710,0.15,0.0455,0.6572,0.08,642.137
711,0.15,0.0455,0.6572,0.1,643.657
712,0.15,0.0455,0.6572,0.12,642.301
713,0.15,0.0455,0.6572,0.14,643.562
714,0.15,0.0455,0.8215,0.02,643.563
715,0.15,0.0455,0.8215,0.04,646.022
716,0.15,0.0455,0.8215,0.06,646.035
717,0.15,0.0455,0.8215,0.08,645.543
718,0.15,0.0455,0.8215,0.1,642.91
719,0.15,0.0455,0.8215,0.12,644.355
720,0.15,0.0455,0.8215,0.14,640.164
721,0.15,0.0455,0.9858,0.02,644.312
722,0.15,0.0455,0.9858,0.04,645.855
723,0.15,0.0455,0.9858,0.06,645.489
724,0.15,0.0455,0.9858,0.08,638.956
725,0.15,0.0455,0.9858,0.1,643.493
726,0.15,0.0455,0.9858,0.12,643.84
727,0.15,0.0455,0.9858,0.14,645.646
728,0.15,0.0455,1.1501,0.02,647.552
729,0.15,0.0455,1.1501,0.04,643.115
730,0.15,0.0455,1.1501,0.06,646.552
731,0.15,0.0455,1.1501,0.08,643.733
732,0.15,0.0455,1.1501,0.1,645.195
733,0.15,0.0455,1.1501,0.12,644.524
734,0.15,0.0455,1.1501,0.14,646.266
735,0.15,0.091,0.1643,0.02,640.278
736,0.15,0.091,0.1643,0.04,640.792
737,0.15,0.091,0.1643,0.06,637.195
738,0.15,0.091,0.1643,0.08,633.641
739,0.15,0.091,0.1643,0.1,631.312
740,0.15,0.091,0.1643,0.12,638.189
741,0.15,0.091,0.1643,0.14,643.528
742,0.15,0.091,0.3286,0.02,637.418
743,0.15,0.091,0.3286,0.04,644.668
744,0.15,0.091,0.3286,0.06,642.915
745,0.15,0.091,0.3286,0.08,638.914
746,0.15,0.091,0.3286,0.1,644.643
747,0.15,0.091,0.3286,0.12,641.711
748,0.15,0.091,0.3286,0.14,642.852
749,0.15,0.091,0.4929,0.02,641.426
750,0.15,0.091,0.4929,0.04,638.425
751,0.15,0.091,0.4929,0.06,638.12
752,0.15,0.091,0.4929,0.08,640.914
753,0.15,0.091,0.4929,0.1,641.641
754,0.15,0.091,0.4929,0.12,643.863
755,0.15,0.091,0.4929,0.14,639.595
756,0.15,0.091,0.6572,0.02,647.641
757,0.15,0.091,0.6572,0.04,642.762
758,0.15,0.091,0.6572,0.06,641.767
759,0.15,0.091,0.6572,0.08,642.121
760,0.15,0.091,0.6572,0.1,635.514
761,0.15,0.091,0.6572,0.12,641.984
762,0.15,0.091,0.6572,0.14,643.262
763,0.15,0.091,0.8215,0.02,640.059
764,0.15,0.091,0.8215,0.04,646.462
765,0.15,0.091,0.8215,0.06,641.335
766,0.15,0.091,0.8215,0.08,641.268
767,0.15,0.091,0.8215,0.1,643.304
768,0.15,0.091,0.8215,0.12,644.137
769,0.15,0.091,0.8215,0.14,642.804
770,0.15,0.091,0.9858,0.02,650.03
771,0.15,0.091,0.9858,0.04,645.032
772,0.15,0.091,0.9858,0.06,645.456
773,0.15,0.091,0.9858,0.08,642.505
774,0.15,0.091,0.9858,0.1,646.88
775,0.15,0.091,0.9858,0.12,645.601
776,0.15,0.091,0.9858,0.14,647.627
777,0.15,0.091,1.1501,0.02,646.275
778,0.15,0.091,1.1501,0.04,644.084
779,0.15,0.091,1.1501,0.06,648.183
780,0.15,0.091,1.1501,0.08,644.516
781,0.15,0.091,1.1501,0.1,646.129
782,0.15,0.091,1.1501,0.12,648.188
783,0.15,0.091,1.1501,0.14,645.138
784,0.15,0.1365,0.1643,0.02,641.049
785,0.15,0.1365,0.1643,0.04,643.004
786,0.15,0.1365,0.1643,0.06,644.402
787,0.15,0.1365,0.1643,0.08,643.762
788,0.15,0.1365,0.1643,0.1,652.159
789,0.15,0.1365,0.1643,0.12,645.518
790,0.15,0.1365,0.1643,0.14,655.915
791,0.15,0.1365,0.3286,0.02,639.92
792,0.15,0.1365,0.3286,0.04,644.064
793,0.15,0.1365,0.3286,0.06,646.635
794,0.15,0.1365,0.3286,0.08,648.095
795,0.15,0.1365,0.3286,0.1,647.174
796,0.15,0.1365,0.3286,0.12,652.707
797,0.15,0.1365,0.3286,0.14,652.719
798,0.15,0.1365,0.4929,0.02,647.233
799,0.15,0.1365,0.4929,0.04,646.877
800,0.15,0.1365,0.4929,0.06,643.91
801,0.15,0.1365,0.4929,0.08,653.443
802,0.15,0.1365,0.4929,0.1,647.892
803,0.15,0.1365,0.4929,0.12,653.803
804,0.15,0.1365,0.4929,0.14,654.89
805,0.15,0.1365,0.6572,0.02,635.159
806,0.15,0.1365,0.6572,0.04,650.468
807,0.15,0.1365,0.6572,0.06,645.021
808,0.2,0.091,0.1643,0.1,644.642
809,0.15,0.1365,0.6572,0.08,647.482
810,0.15,0.1365,0.6572,0.1,648.149
811,0.15,0.1365,0.6572,0.12,652.877
812,0.15,0.1365,0.6572,0.14,655.31
813,0.15,0.1365,0.8215,0.02,646.809
814,0.15,0.1365,0.8215,0.04,645.744
815,0.15,0.1365,0.8215,0.06,646.394
816,0.15,0.1365,0.8215,0.08,650.878
817,0.15,0.1365,0.8215,0.1,652.6
818,0.15,0.1365,0.8215,0.12,652.179
819,0.15,0.1365,0.8215,0.14,656.58
820,0.15,0.1365,0.9858,0.02,650.535
821,0.15,0.1365,0.9858,0.04,650.301
822,0.15,0.1365,0.9858,0.06,640.904
823,0.15,0.1365,0.9858,0.08,653.153
824,0.15,0.1365,0.9858,0.1,651.487
825,0.15,0.1365,0.9858,0.12,660.661
826,0.15,0.1365,0.9858,0.14,658.668
827,0.15,0.1365,1.1501,0.02,648.589
828,0.15,0.1365,1.1501,0.04,646.856
829,0.15,0.1365,1.1501,0.06,649.73
830,0.15,0.1365,1.1501,0.08,651.46
831,0.15,0.1365,1.1501,0.1,650.359
832,0.15,0.1365,1.1501,0.12,659.693
833,0.15,0.1365,1.1501,0.14,658.954
834,0.15,0.182,0.1643,0.02,648.678
835,0.15,0.182,0.1643,0.04,654.599
836,0.15,0.182,0.1643,0.06,664.491
837,0.15,0.182,0.1643,0.08,667.118
838,0.15,0.182,0.1643,0.1,672.583
839,0.15,0.182,0.1643,0.12,683.251
840,0.15,0.182,0.1643,0.14,687.918
841,0.15,0.182,0.3286,0.02,646.183
842,0.15,0.182,0.3286,0.04,654.169
843,0.15,0.182,0.3286,0.06,666.888
844,0.15,0.182,0.3286,0.08,666.323
845,0.15,0.182,0.3286,0.1,672.692
846,0.15,0.182,0.3286,0.12,686.368
847,0.15,0.182,0.3286,0.14,690.656
848,0.15,0.182,0.4929,0.02,651.678
849,0.15,0.182,0.4929,0.04,656.128
850,0.15,0.182,0.4929,0.06,660.137
851,0.15,0.182,0.4929,0.08,669.773
852,0.15,0.182,0.4929,0.1,677.2
853,0.15,0.182,0.4929,0.12,684.79
854,0.15,0.182,0.4929,0.14,692.684
855,0.15,0.182,0.6572,0.02,651.153
856,0.15,0.182,0.6572,0.04,658.571
857,0.15,0.182,0.6572,0.06,665.038
858,0.15,0.182,0.6572,0.08,674.438
859,0.15,0.182,0.6572,0.1,678.908
860,0.15,0.182,0.6572,0.12,683.503
861,0.15,0.182,0.6572,0.14,686.94
862,0.15,0.182,0.8215,0.02,650.766
863,0.15,0.182,0.8215,0.04,657.412
864,0.15,0.182,0.8215,0.06,663.22
865,0.15,0.182,0.8215,0.08,669.486
866,0.15,0.182,0.8215,0.1,679.463
867,0.15,0.182,0.8215,0.12,687.459
868,0.15,0.182,0.8215,0.14,694.643
869,0.15,0.182,0.9858,0.02,652.683
870,0.15,0.182,0.9858,0.04,659.932
871,0.15,0.182,0.9858,0.06,668.935
872,0.15,0.182,0.9858,0.08,672.238
873,0.15,0.182,0.9858,0.1,680.226
874,0.15,0.182,0.9858,0.12,687.943
875,0.15,0.182,0.9858,0.14,691.43
876,0.15,0.182,1.1501,0.02,652.287
877,0.15,0.182,1.1501,0.04,661.015
878,0.15,0.182,1.1501,0.06,665.191
879,0.15,0.182,1.1501,0.08,674.054
880,0.15,0.182,1.1501,0.1,680.278
881,0.15,0.182,1.1501,0.12,688.735
882,0.15,0.182,1.1501,0.14,694.757
883,0.15,0.2275,0.1643,0.02,644.299
884,0.15,0.2275,0.1643,0.04,651.868
885,0.15,0.2275,0.1643,0.06,657.704
886,0.15,0.2275,0.1643,0.08,662.458
887,0.15,0.2275,0.1643,0.1,673.162
888,0.15,0.2275,0.1643,0.12,679.932
889,0.15,0.2275,0.1643,0.14,685.901
890,0.15,0.2275,0.3286,0.02,642.119
891,0.15,0.2275,0.3286,0.04,649.711
892,0.15,0.2275,0.3286,0.06,654.909
893,0.15,0.2275,0.3286,0.08,665.185
894,0.15,0.2275,0.3286,0.1,673.618
895,0.15,0.2275,0.3286,0.12,680.53
896,0.15,0.2275,0.3286,0.14,687.838
897,0.15,0.2275,0.4929,0.02,642.947
898,0.15,0.2275,0.4929,0.04,649.476
899,0.15,0.2275,0.4929,0.06,658.508
900,0.15,0.2275,0.4929,0.08,665.746
901,0.15,0.2275,0.4929,0.1,673.962
902,0.15,0.2275,0.4929,0.12,680.658
903,0.15,0.2275,0.4929,0.14,686.756
904,0.15,0.2275,0.6572,0.02,642.415
905,0.15,0.2275,0.6572,0.04,650.947
906,0.15,0.2275,0.6572,0.06,657.654
907,0.15,0.2275,0.6572,0.08,664.907
908,0.15,0.2275,0.6572,0.1,673.769
909,0.2,0.091,0.3286,0.1,649.687
910,0.15,0.2275,0.6572,0.12,679.029
911,0.15,0.2275,0.6572,0.14,687.174
912,0.15,0.2275,0.8215,0.02,646.056
913,0.15,0.2275,0.8215,0.04,650.782
914,0.15,0.2275,0.8215,0.06,658.074
915,0.15,0.2275,0.8215,0.08,664.484
916,0.15,0.2275,0.8215,0.1,675.852
917,0.15,0.2275,0.8215,0.12,682.232
918,0.15,0.2275,0.8215,0.14,688.277
919,0.15,0.2275,0.9858,0.02,646.396
920,0.15,0.2275,0.9858,0.04,652.052
921,0.15,0.2275,0.9858,0.06,659.339
922,0.15,0.2275,0.9858,0.08,664.412
923,0.15,0.2275,0.9858,0.1,675.961
924,0.15,0.2275,0.9858,0.12,683.512
925,0.15,0.2275,0.9858,0.14,689.855
926,0.15,0.2275,1.1501,0.02,648.735
927,0.15,0.2275,1.1501,0.04,655.898
928,0.15,0.2275,1.1501,0.06,659.194
929,0.15,0.2275,1.1501,0.08,667.375
930,0.15,0.2275,1.1501,0.1,675.583
931,0.15,0.2275,1.1501,0.12,682.363
932,0.15,0.2275,1.1501,0.14,690.527
1010,0.2,0.091,0.4929,0.1,646.387
1032,0.2,0.0455,0.1643,0.02,644.169
1033,0.2,0.0455,0.1643,0.04,643.245
1034,0.2,0.0455,0.1643,0.06,645.362
1035,0.2,0.0455,0.1643,0.08,644.429
1036,0.2,0.0455,0.1643,0.1,644.093
1037,0.2,0.0455,0.1643,0.12,641.072
1038,0.2,0.0455,0.1643,0.14,644.815
1039,0.2,0.0455,0.3286,0.02,648.237
1040,0.2,0.0455,0.3286,0.04,646.462
1041,0.2,0.0455,0.3286,0.06,645.057
1042,0.2,0.0455,0.3286,0.08,646.534
1043,0.2,0.0455,0.3286,0.1,648.218
1044,0.2,0.0455,0.3286,0.12,645.093
1045,0.2,0.0455,0.3286,0.14,649.015
1046,0.2,0.0455,0.4929,0.02,658.162
1047,0.2,0.0455,0.4929,0.04,653.743
1048,0.2,0.0455,0.4929,0.06,649.203
1049,0.2,0.0455,0.4929,0.08,653.638
1050,0.2,0.0455,0.4929,0.1,650.723
1051,0.2,0.0455,0.4929,0.12,651.703
1052,0.2,0.0455,0.4929,0.14,655.655
1053,0.2,0.0455,0.6572,0.02,652.295
1054,0.2,0.0455,0.6572,0.04,656.083
1055,0.2,0.0455,0.6572,0.06,656.295
1056,0.2,0.0455,0.6572,0.08,660.959
1057,0.2,0.0455,0.6572,0.1,662.518
1058,0.2,0.0455,0.6572,0.12,655.707
1059,0.2,0.0455,0.6572,0.14,657.59
1060,0.2,0.0455,0.8215,0.02,660.878
1061,0.2,0.0455,0.8215,0.04,662.133
1062,0.2,0.0455,0.8215,0.06,661.791
1063,0.2,0.0455,0.8215,0.08,664.374
1064,0.2,0.0455,0.8215,0.1,659.52
1065,0.2,0.0455,0.8215,0.12,659.004
1066,0.2,0.0455,0.8215,0.14,665.175
1067,0.2,0.0455,0.9858,0.02,665.335
1068,0.2,0.0455,0.9858,0.04,663.547
1069,0.2,0.0455,0.9858,0.06,666.683
1070,0.2,0.0455,0.9858,0.08,660.766
1071,0.2,0.0455,0.9858,0.1,665.77
1072,0.2,0.0455,0.9858,0.12,667.704
1073,0.2,0.0455,0.9858,0.14,662.949
1074,0.2,0.0455,1.1501,0.02,668.823
1075,0.2,0.0455,1.1501,0.04,669.855
1076,0.2,0.0455,1.1501,0.06,670.923
1077,0.2,0.0455,1.1501,0.08,672.93
1078,0.2,0.0455,1.1501,0.1,668.662
1079,0.2,0.0455,1.1501,0.12,670.381
1080,0.2,0.0455,1.1501,0.14,669.856
1081,0.2,0.091,0.1643,0.02,639.978
1082,0.2,0.091,0.1643,0.04,642.325
1083,0.2,0.091,0.1643,0.06,642.715
1084,0.2,0.091,0.1643,0.08,646.886
1085,0.2,0.091,0.1643,0.12,644.201
1086,0.2,0.091,0.1643,0.14,647.68
1087,0.2,0.091,0.3286,0.02,652.574
1088,0.2,0.091,0.3286,0.04,650.468
1089,0.2,0.091,0.3286,0.06,651.996
1090,0.2,0.091,0.3286,0.08,653.998
1091,0.2,0.091,0.3286,0.12,649.044
1092,0.2,0.091,0.3286,0.14,652.803
1093,0.2,0.091,0.4929,0.02,648.431
1094,0.2,0.091,0.4929,0.04,651.608
1095,0.2,0.091,0.4929,0.06,654.637
1096,0.2,0.091,0.4929,0.08,653.153
1097,0.2,0.091,0.4929,0.12,651.886
1098,0.2,0.091,0.4929,0.14,657.452
1099,0.2,0.091,0.6572,0.02,660.388
1100,0.2,0.091,0.6572,0.04,660.601
1101,0.2,0.091,0.6572,0.06,658.029
1102,0.2,0.091,0.6572,0.08,652.909
1103,0.2,0.091,0.6572,0.1,656.295
1104,0.2,0.091,0.6572,0.12,652.472
1105,0.2,0.091,0.6572,0.14,654.452
1106,0.2,0.091,0.8215,0.02,661.259
1107,0.2,0.091,0.8215,0.04,660.46
1108,0.2,0.091,0.8215,0.06,663.673
1109,0.2,0.091,0.8215,0.08,659.965
1110,0.2,0.091,0.8215,0.1,663.282
1111,0.2,0.091,0.8215,0.12,663.387
1112,0.2,0.091,0.8215,0.14,664.259
1113,0.2,0.091,0.9858,0.02,664.291
1114,0.2,0.091,0.9858,0.04,666.129
1115,0.2,0.091,0.9858,0.06,667.47
1116,0.2,0.091,0.9858,0.08,667.129
1117,0.2,0.091,0.9858,0.1,662.428
1118,0.2,0.091,0.9858,0.12,665.233
1119,0.2,0.091,0.9858,0.14,665.473
1120,0.2,0.091,1.1501,0.02,670.875
1121,0.2,0.091,1.1501,0.04,671.066
1122,0.2,0.091,1.1501,0.06,668.215
1123,0.2,0.091,1.1501,0.08,672.234
1124,0.2,0.091,1.1501,0.1,672.058
1125,0.2,0.091,1.1501,0.12,670.509
1126,0.2,0.091,1.1501,0.14,668.208
1127,0.2,0.1365,0.1643,0.02,643.774
1128,0.2,0.1365,0.1643,0.04,649.318
1129,0.2,0.1365,0.1643,0.06,646.364
1130,0.2,0.1365,0.1643,0.08,652.227
1131,0.2,0.1365,0.1643,0.1,646.463
1132,0.2,0.1365,0.1643,0.12,657.006
1133,0.2,0.1365,0.1643,0.14,654.996
1134,0.2,0.1365,0.3286,0.02,647.81
1135,0.2,0.1365,0.3286,0.04,654.441
1136,0.2,0.1365,0.3286,0.06,654.272
1137,0.2,0.1365,0.3286,0.08,657.649
1138,0.2,0.1365,0.3286,0.1,656.571
1139,0.2,0.1365,0.3286,0.12,657.111
1140,0.2,0.1365,0.3286,0.14,661.651
1141,0.2,0.1365,0.4929,0.02,659.245
1142,0.2,0.1365,0.4929,0.04,653.741
1143,0.2,0.1365,0.4929,0.06,659.573
1144,0.2,0.1365,0.4929,0.08,660.734
1145,0.2,0.1365,0.4929,0.1,664.793
1146,0.2,0.1365,0.4929,0.12,661.267
1147,0.2,0.1365,0.4929,0.14,662.608
1148,0.2,0.1365,0.6572,0.02,660.893
1149,0.2,0.1365,0.6572,0.04,659.031
1150,0.2,0.1365,0.6572,0.06,664.077
1151,0.2,0.1365,0.6572,0.08,663.543
1152,0.2,0.1365,0.6572,0.1,668.733
1153,0.2,0.1365,0.6572,0.12,666.962
1154,0.2,0.1365,0.6572,0.14,671.229
1155,0.2,0.1365,0.8215,0.02,663.241
1156,0.2,0.1365,0.8215,0.04,670.294
1157,0.2,0.1365,0.8215,0.06,665.266
1158,0.2,0.1365,0.8215,0.08,669.908
1159,0.2,0.1365,0.8215,0.1,672.483
1160,0.2,0.1365,0.8215,0.12,669.602
1161,0.2,0.1365,0.8215,0.14,674.72
1162,0.2,0.1365,0.9858,0.02,666.242
1163,0.2,0.1365,0.9858,0.04,669.884
1164,0.2,0.1365,0.9858,0.06,672.355
1165,0.2,0.1365,0.9858,0.08,670.901
1166,0.2,0.1365,0.9858,0.1,677.526
1167,0.2,0.1365,0.9858,0.12,679.042
1168,0.2,0.1365,0.9858,0.14,673.642
1169,0.2,0.1365,1.1501,0.02,671.806
1170,0.2,0.1365,1.1501,0.04,670.517
1171,0.2,0.1365,1.1501,0.06,673.057
1172,0.2,0.1365,1.1501,0.08,674.603
1173,0.2,0.1365,1.1501,0.1,679.715
1174,0.2,0.1365,1.1501,0.12,680.587
1175,0.2,0.1365,1.1501,0.14,679.555
1176,0.2,0.182,0.1643,0.02,656.764
1177,0.2,0.182,0.1643,0.04,660.522
1178,0.2,0.182,0.1643,0.06,664.675
1179,0.2,0.182,0.1643,0.08,672.602
1180,0.2,0.182,0.1643,0.1,679.262
1181,0.2,0.182,0.1643,0.12,685.528
1182,0.2,0.182,0.1643,0.14,694.905
1183,0.2,0.182,0.3286,0.02,659.13
1184,0.2,0.182,0.3286,0.04,659.947
1185,0.2,0.182,0.3286,0.06,670.658
1186,0.2,0.182,0.3286,0.08,675.001
1187,0.2,0.182,0.3286,0.1,680.381
1188,0.2,0.182,0.3286,0.12,687.412
1189,0.2,0.182,0.3286,0.14,698.36
1190,0.2,0.182,0.4929,0.02,660.737
1191,0.2,0.182,0.4929,0.04,669.253
1192,0.2,0.182,0.4929,0.06,671.49
1193,0.2,0.182,0.4929,0.08,677.204
1194,0.2,0.182,0.4929,0.1,684.161
1195,0.2,0.182,0.4929,0.12,691.184
1196,0.2,0.182,0.4929,0.14,699.471
1197,0.2,0.182,0.6572,0.02,667.256
1198,0.2,0.182,0.6572,0.04,668.377
1199,0.2,0.182,0.6572,0.06,677.234
1200,0.2,0.182,0.6572,0.08,679.978
1201,0.2,0.182,0.6572,0.1,688.931
1202,0.2,0.182,0.6572,0.12,695.564
1203,0.2,0.182,0.6572,0.14,701.864
1204,0.2,0.182,0.8215,0.02,667.763
1205,0.2,0.182,0.8215,0.04,671.483
1206,0.2,0.182,0.8215,0.06,682.512
1207,0.2,0.182,0.8215,0.08,685.899
1208,0.2,0.182,0.8215,0.1,694.764
1209,0.2,0.182,0.8215,0.12,700.581
1210,0.2,0.182,0.8215,0.14,704.49
1211,0.2,0.182,0.9858,0.02,669.21
1212,0.2,0.182,0.9858,0.04,680.399
1213,0.2,0.182,0.9858,0.06,687.368
1214,0.2,0.182,0.9858,0.08,689.607
1215,0.2,0.182,0.9858,0.1,698.648
1216,0.2,0.182,0.9858,0.12,704.433
1217,0.2,0.182,0.9858,0.14,708.859
1218,0.2,0.182,1.1501,0.02,676.627
1219,0.2,0.182,1.1501,0.04,684.443
1220,0.2,0.182,1.1501,0.06,688.197
1221,0.2,0.182,1.1501,0.08,695.379
1222,0.2,0.182,1.1501,0.1,701.993
1223,0.2,0.182,1.1501,0.12,706.186
1224,0.2,0.182,1.1501,0.14,712.156
1225,0.2,0.2275,0.1643,0.02,642.746
1226,0.2,0.2275,0.1643,0.04,650.438
1227,0.2,0.2275,0.1643,0.06,661.341
1228,0.2,0.2275,0.1643,0.08,666.532
1229,0.2,0.2275,0.1643,0.1,673.51
1230,0.2,0.2275,0.1643,0.12,680.752
1231,0.2,0.2275,0.1643,0.14,690.691
1232,0.2,0.2275,0.3286,0.02,648.631
1233,0.2,0.2275,0.3286,0.04,655.807
1234,0.2,0.2275,0.3286,0.06,663.205
1235,0.2,0.2275,0.3286,0.08,669.932
1236,0.2,0.2275,0.3286,0.1,674.489
1237,0.2,0.2275,0.3286,0.12,684.219
1238,0.2,0.2275,0.3286,0.14,692.396
1239,0.2,0.2275,0.4929,0.02,649.125
1240,0.2,0.2275,0.4929,0.04,658.818
1241,0.2,0.2275,0.4929,0.06,664.068
1242,0.2,0.2275,0.4929,0.08,673.903
1243,0.2,0.2275,0.4929,0.1,679.671
1244,0.2,0.2275,0.4929,0.12,687.091
1245,0.2,0.2275,0.4929,0.14,695.029
1246,0.2,0.2275,0.6572,0.02,658.537
1247,0.2,0.2275,0.6572,0.04,665.147
1248,0.2,0.2275,0.6572,0.06,671.126
1249,0.2,0.2275,0.6572,0.08,677.811
1250,0.2,0.2275,0.6572,0.1,684.429
1251,0.2,0.2275,0.6572,0.12,692.493
1252,0.2,0.2275,0.6572,0.14,698.013
1253,0.2,0.2275,0.8215,0.02,663.985
1254,0.2,0.2275,0.8215,0.04,665.83
1255,0.2,0.2275,0.8215,0.06,673.093
1256,0.2,0.2275,0.8215,0.08,681.252
1257,0.2,0.2275,0.8215,0.1,685.858
1258,0.2,0.2275,0.8215,0.12,692.998
1259,0.2,0.2275,0.8215,0.14,699.866
1260,0.2,0.2275,0.9858,0.02,667.09
1261,0.2,0.2275,0.9858,0.04,668.173
1262,0.2,0.2275,0.9858,0.06,676.839
1263,0.2,0.2275,0.9858,0.08,682.588
1264,0.2,0.2275,0.9858,0.1,687.939
1265,0.2,0.2275,0.9858,0.12,695.413
1266,0.2,0.2275,0.9858,0.14,704.12
1267,0.2,0.2275,1.1501,0.02,667.542
1268,0.2,0.2275,1.1501,0.04,675.785
1269,0.2,0.2275,1.1501,0.06,678.977
1270,0.2,0.2275,1.1501,0.08,687.904
1271,0.2,0.2275,1.1501,0.1,694.123
1272,0.2,0.2275,1.1501,0.12,698.334
1273,0.2,0.2275,1.1501,0.14,704.94
1372,0.25,0.0455,0.1643,0.02,652.8
1373,0.25,0.0455,0.1643,0.04,652.055
1374,0.25,0.0455,0.1643,0.06,655.43
1375,0.25,0.0455,0.1643,0.08,651.047
1376,0.25,0.0455,0.1643,0.1,660.254
1377,0.25,0.0455,0.1643,0.12,655.199
1378,0.25,0.0455,0.1643,0.14,650.258
1379,0.25,0.0455,0.3286,0.02,677.426
1380,0.25,0.0455,0.3286,0.04,674.275
1381,0.25,0.0455,0.3286,0.06,668.995
1382,0.25,0.0455,0.3286,0.08,672.093
1383,0.25,0.0455,0.3286,0.1,671.523
1384,0.25,0.0455,0.3286,0.12,668.178
1385,0.25,0.0455,0.3286,0.14,671.551
1386,0.25,0.0455,0.4929,0.02,683.342
1387,0.25,0.0455,0.4929,0.04,683.811
1388,0.25,0.0455,0.4929,0.06,683.715
1389,0.25,0.0455,0.4929,0.08,686.697
1390,0.25,0.0455,0.4929,0.1,683.547
1391,0.25,0.0455,0.4929,0.12,685.096
1392,0.25,0.0455,0.4929,0.14,685.473
1393,0.25,0.0455,0.6572,0.02,696.069
1394,0.25,0.0455,0.6572,0.04,699.024
1395,0.25,0.0455,0.6572,0.06,697.384
1396,0.25,0.0455,0.6572,0.08,699.671
1397,0.25,0.0455,0.6572,0.1,700.885
1398,0.25,0.0455,0.6572,0.12,699.143
1399,0.25,0.0455,0.6572,0.14,700.453
1400,0.25,0.0455,0.8215,0.02,711.617
1401,0.25,0.0455,0.8215,0.04,708.373
1402,0.25,0.0455,0.8215,0.06,710.258
1403,0.25,0.0455,0.8215,0.08,709.822
1404,0.25,0.0455,0.8215,0.1,710.939
1405,0.25,0.0455,0.8215,0.12,711.094
1406,0.25,0.0455,0.8215,0.14,707.456
1407,0.25,0.0455,0.9858,0.02,722.481
1408,0.25,0.0455,0.9858,0.04,721.779
1409,0.25,0.0455,0.9858,0.06,724.716
1410,0.25,0.0455,0.9858,0.08,724.205
1411,0.25,0.0455,0.9858,0.1,723.16
1412,0.25,0.0455,0.9858,0.12,724.061
1413,0.25,0.0455,0.9858,0.14,723.644
1414,0.25,0.0455,1.1501,0.02,734.565
1415,0.25,0.0455,1.1501,0.04,733.721
1416,0.25,0.0455,1.1501,0.06,735.471
1417,0.25,0.0455,1.1501,0.08,732.716
1418,0.25,0.0455,1.1501,0.1,731.913
1419,0.25,0.0455,1.1501,0.12,737.946
1420,0.25,0.0455,1.1501,0.14,732.042
1421,0.25,0.091,0.1643,0.02,653.628
1422,0.25,0.091,0.1643,0.04,655.539
1423,0.25,0.091,0.1643,0.06,656.919
1424,0.25,0.091,0.1643,0.08,657.475
1425,0.25,0.091,0.1643,0.1,657.415
1426,0.25,0.091,0.1643,0.12,656.141
1427,0.25,0.091,0.1643,0.14,658.72
1428,0.25,0.091,0.3286,0.02,673.362
1429,0.25,0.091,0.3286,0.04,668.239
1430,0.25,0.091,0.3286,0.06,671.981
1431,0.25,0.091,0.3286,0.08,670.022
1432,0.25,0.091,0.3286,0.1,672.034
1433,0.25,0.091,0.3286,0.12,671.418
1434,0.25,0.091,0.3286,0.14,671.562
1435,0.25,0.091,0.4929,0.02,687.953
1436,0.25,0.091,0.4929,0.04,685.287
1437,0.25,0.091,0.4929,0.06,684.793
1438,0.25,0.091,0.4929,0.08,681.901
1439,0.25,0.091,0.4929,0.1,685.183
1440,0.25,0.091,0.4929,0.12,686.225
1441,0.25,0.091,0.4929,0.14,685.42
1442,0.25,0.091,0.6572,0.02,698.701
1443,0.25,0.091,0.6572,0.04,699.639
1444,0.25,0.091,0.6572,0.06,697.434
1445,0.25,0.091,0.6572,0.08,700.794
1446,0.25,0.091,0.6572,0.1,698.357
1447,0.25,0.091,0.6572,0.12,699.568
1448,0.25,0.091,0.6572,0.14,698.28
1449,0.25,0.091,0.8215,0.02,714.375
1450,0.25,0.091,0.8215,0.04,710.177
1451,0.25,0.091,0.8215,0.06,707.851
1452,0.25,0.091,0.8215,0.08,711.395
1453,0.25,0.091,0.8215,0.1,713.912
1454,0.25,0.091,0.8215,0.12,709.431
1455,0.25,0.091,0.8215,0.14,712.677
1456,0.25,0.091,0.9858,0.02,723.719
1457,0.25,0.091,0.9858,0.04,726.065
1458,0.25,0.091,0.9858,0.06,722.006
1459,0.25,0.091,0.9858,0.08,724.72
1460,0.25,0.091,0.9858,0.1,721.564
1461,0.25,0.091,0.9858,0.12,721.758
1462,0.25,0.091,0.9858,0.14,723.475
1463,0.25,0.091,1.1501,0.02,734.789
1464,0.25,0.091,1.1501,0.04,734.064
1465,0.25,0.091,1.1501,0.06,736.97
1466,0.25,0.091,1.1501,0.08,737.691
1467,0.25,0.091,1.1501,0.1,734.173
1468,0.25,0.091,1.1501,0.12,732.226
1469,0.25,0.091,1.1501,0.14,735.202
1470,0.25,0.1365,0.1643,0.02,661.047
1471,0.25,0.1365,0.1643,0.04,659.348
1472,0.25,0.1365,0.1643,0.06,658.915
1473,0.25,0.1365,0.1643,0.08,662.301
1474,0.25,0.1365,0.1643,0.1,668.639
1475,0.25,0.1365,0.1643,0.12,668.696
1476,0.25,0.1365,0.1643,0.14,665.754
1477,0.25,0.1365,0.3286,0.02,674.221
1478,0.25,0.1365,0.3286,0.04,675.205
1479,0.25,0.1365,0.3286,0.06,670.746
1480,0.25,0.1365,0.3286,0.08,678.548
1481,0.25,0.1365,0.3286,0.1,675.147
1482,0.25,0.1365,0.3286,0.12,680.07
1483,0.25,0.1365,0.3286,0.14,683.715
1484,0.25,0.1365,0.4929,0.02,685.993
1485,0.25,0.1365,0.4929,0.04,688.419
1486,0.25,0.1365,0.4929,0.06,691.905
1487,0.25,0.1365,0.4929,0.08,689.893
1488,0.25,0.1365,0.4929,0.1,695.143
1489,0.25,0.1365,0.4929,0.12,692.864
1490,0.25,0.1365,0.4929,0.14,694.317
1491,0.25,0.1365,0.6572,0.02,699.157
1492,0.25,0.1365,0.6572,0.04,700.57
1493,0.25,0.1365,0.6572,0.06,702.323
1494,0.25,0.1365,0.6572,0.08,705.37
1495,0.25,0.1365,0.6572,0.1,702.731
1496,0.25,0.1365,0.6572,0.12,707.953
1497,0.25,0.1365,0.6572,0.14,706.291
1498,0.25,0.1365,0.8215,0.02,710.587
1499,0.25,0.1365,0.8215,0.04,714.321
1500,0.25,0.1365,0.8215,0.06,717.079
1501,0.25,0.1365,0.8215,0.08,719.23
1502,0.25,0.1365,0.8215,0.1,715.981
1503,0.25,0.1365,0.8215,0.12,717.254
1504,0.25,0.1365,0.8215,0.14,721.162
1505,0.25,0.1365,0.9858,0.02,722.173
1506,0.25,0.1365,0.9858,0.04,727.412
1507,0.25,0.1365,0.9858,0.06,726.737
1508,0.25,0.1365,0.9858,0.08,729.75
1509,0.25,0.1365,0.9858,0.1,729.605
1510,0.25,0.1365,0.9858,0.12,731.909
1511,0.25,0.1365,0.9858,0.14,730.674
1512,0.25,0.1365,1.1501,0.02,732.552
1513,0.25,0.1365,1.1501,0.04,737.006
1514,0.25,0.1365,1.1501,0.06,734.809
1515,0.25,0.1365,1.1501,0.08,739.412
1516,0.25,0.1365,1.1501,0.1,740.449
1517,0.3,0.091,0.1643,0.1,682.97
1518,0.25,0.1365,1.1501,0.12,743.059
1519,0.25,0.1365,1.1501,0.14,744.587
1520,0.25,0.182,0.1643,0.02,663.434
1521,0.25,0.182,0.1643,0.04,667.749
1522,0.25,0.182,0.1643,0.06,679.223
1523,0.25,0.182,0.1643,0.08,685.821
1524,0.25,0.182,0.1643,0.1,688.51
1525,0.25,0.182,0.1643,0.12,695.522
1526,0.25,0.182,0.1643,0.14,701.944
1527,0.25,0.182,0.3286,0.02,678.059
1528,0.25,0.182,0.3286,0.04,681.798
1529,0.25,0.182,0.3286,0.06,690.543
1530,0.25,0.182,0.3286,0.08,696.104
1531,0.25,0.182,0.3286,0.1,701.919
1532,0.25,0.182,0.3286,0.12,706.177
1533,0.25,0.182,0.3286,0.14,714.351
1534,0.25,0.182,0.4929,0.02,694.318
1535,0.25,0.182,0.4929,0.04,698.868
1536,0.25,0.182,0.4929,0.06,703.436
1537,0.25,0.182,0.4929,0.08,706.275
1538,0.25,0.182,0.4929,0.1,712.014
1539,0.25,0.182,0.4929,0.12,720.54
1540,0.25,0.182,0.4929,0.14,724.549
1541,0.25,0.182,0.6572,0.02,542.887
1542,0.25,0.182,0.6572,0.04,708.873
1543,0.25,0.182,0.6572,0.06,716.868
1544,0.25,0.182,0.6572,0.08,722.851
1545,0.25,0.182,0.6572,0.1,724.469
1546,0.25,0.182,0.6572,0.12,731.166
1547,0.25,0.182,0.6572,0.14,735.952
1548,0.25,0.182,0.8215,0.02,718.625
1549,0.25,0.182,0.8215,0.04,723.809
1550,0.25,0.182,0.8215,0.06,725.311
1551,0.25,0.182,0.8215,0.08,731.954
1552,0.25,0.182,0.8215,0.1,738.196
1553,0.25,0.182,0.8215,0.12,741.9
1554,0.25,0.182,0.8215,0.14,747.61
1555,0.25,0.182,0.9858,0.02,729.964
1556,0.25,0.182,0.9858,0.04,733.541
1557,0.25,0.182,0.9858,0.06,737.57
1558,0.25,0.182,0.9858,0.08,744.56
1559,0.25,0.182,0.9858,0.1,749.787
1560,0.25,0.182,0.9858,0.12,753.675
1561,0.25,0.182,0.9858,0.14,758.912
1562,0.25,0.182,1.1501,0.02,740.295
1563,0.25,0.182,1.1501,0.04,743.419
1564,0.25,0.182,1.1501,0.06,749.079
1565,0.25,0.182,1.1501,0.08,754.587
1566,0.25,0.182,1.1501,0.1,757.836
1567,0.25,0.182,1.1501,0.12,761.571
1568,0.25,0.182,1.1501,0.14,769.359
1569,0.25,0.2275,0.1643,0.02,661.074
1570,0.25,0.2275,0.1643,0.04,666.008
1571,0.25,0.2275,0.1643,0.06,667.083
1572,0.25,0.2275,0.1643,0.08,676.259
1573,0.25,0.2275,0.1643,0.1,682.525
1574,0.25,0.2275,0.1643,0.12,690.894
1575,0.25,0.2275,0.1643,0.14,697.59
1576,0.25,0.2275,0.3286,0.02,673.896
1577,0.25,0.2275,0.3286,0.04,673.599
1578,0.25,0.2275,0.3286,0.06,680.315
1579,0.25,0.2275,0.3286,0.08,687.362
1580,0.25,0.2275,0.3286,0.1,692.714
1581,0.25,0.2275,0.3286,0.12,699.106
1582,0.25,0.2275,0.3286,0.14,705.677
1583,0.25,0.2275,0.4929,0.02,684.893
1584,0.25,0.2275,0.4929,0.04,688.301
1585,0.25,0.2275,0.4929,0.06,692.181
1586,0.25,0.2275,0.4929,0.08,700.265
1587,0.25,0.2275,0.4929,0.1,703.516
1588,0.25,0.2275,0.4929,0.12,710.302
1589,0.25,0.2275,0.4929,0.14,716.204
1590,0.25,0.2275,0.6572,0.02,696.888
1591,0.25,0.2275,0.6572,0.04,699.985
1592,0.25,0.2275,0.6572,0.06,702.659
1593,0.25,0.2275,0.6572,0.08,709.382
1594,0.25,0.2275,0.6572,0.1,713.835
1595,0.25,0.2275,0.6572,0.12,720.121
1596,0.25,0.2275,0.6572,0.14,723.225
1597,0.25,0.2275,0.8215,0.02,710.34
1598,0.25,0.2275,0.8215,0.04,711.114
1599,0.25,0.2275,0.8215,0.06,716.177
1600,0.25,0.2275,0.8215,0.08,718.913
1601,0.25,0.2275,0.8215,0.1,722.493
1602,0.25,0.2275,0.8215,0.12,727.781
1603,0.25,0.2275,0.8215,0.14,731.617
1604,0.25,0.2275,0.9858,0.02,719.865
1605,0.25,0.2275,0.9858,0.04,720.115
1606,0.25,0.2275,0.9858,0.06,724.011
1607,0.25,0.2275,0.9858,0.08,727.023
1608,0.25,0.2275,0.9858,0.1,733.1
1609,0.25,0.2275,0.9858,0.12,737.378
1610,0.25,0.2275,0.9858,0.14,740.891
1611,0.25,0.2275,1.1501,0.02,730.279
1612,0.25,0.2275,1.1501,0.04,732.216
1613,0.25,0.2275,1.1501,0.06,734.729
1614,0.25,0.2275,1.1501,0.08,736.808
1615,0.25,0.2275,1.1501,0.1,741.704
1616,0.25,0.2275,1.1501,0.12,745.403
1617,0.25,0.2275,1.1501,0.14,749.766
1618,0.3,0.091,0.3286,0.1,717.763
1626,0.25,0.273,0.3286,0.02,566.928
1633,0.25,0.273,0.4929,0.02,585.353
1640,0.25,0.273,0.6572,0.02,601.417
1647,0.25,0.273,0.8215,0.02,617.231
1654,0.25,0.273,0.9858,0.02,629.306
1661,0.25,0.273,1.1501,0.02,641.746
1717,0.3,0.0455,0.1643,0.02,683.08
1718,0.3,0.0455,0.1643,0.04,680.185
1719,0.3,0.091,0.4929,0.1,746.293
1720,0.3,0.0455,0.1643,0.06,680.408
1721,0.3,0.0455,0.1643,0.08,684.884
1722,0.3,0.0455,0.1643,0.1,682.553
1723,0.3,0.0455,0.1643,0.12,681.913
1724,0.3,0.0455,0.1643,0.14,680.491
1725,0.3,0.0455,0.3286,0.02,713.691
1726,0.3,0.0455,0.3286,0.04,718.593
1727,0.3,0.0455,0.3286,0.06,712.832
1728,0.3,0.0455,0.3286,0.08,718.358
1729,0.3,0.0455,0.3286,0.1,715.968
1730,0.3,0.0455,0.3286,0.12,717.729
1731,0.3,0.0455,0.3286,0.14,715.332
1732,0.3,0.0455,0.4929,0.02,744.158
1733,0.3,0.0455,0.4929,0.04,742.031
1734,0.3,0.0455,0.4929,0.06,744.552
1735,0.3,0.0455,0.4929,0.08,745.804
1736,0.3,0.0455,0.4929,0.1,743.337
1737,0.3,0.0455,0.4929,0.12,746.075
1738,0.3,0.0455,0.4929,0.14,743.868
1739,0.3,0.0455,0.6572,0.02,770.669
1740,0.3,0.0455,0.6572,0.04,771.397
1741,0.3,0.0455,0.6572,0.06,771.844
1742,0.3,0.0455,0.6572,0.08,770.99
1743,0.3,0.0455,0.6572,0.1,772.866
1744,0.3,0.0455,0.6572,0.12,772.536
1745,0.3,0.0455,0.6572,0.14,769.765
1746,0.3,0.0455,0.8215,0.02,795.403
1747,0.3,0.0455,0.8215,0.04,793.169
1748,0.3,0.0455,0.8215,0.06,793.126
1749,0.3,0.0455,0.8215,0.08,793.383
1750,0.3,0.0455,0.8215,0.1,793.896
1751,0.3,0.0455,0.8215,0.12,790.473
1752,0.3,0.0455,0.8215,0.14,795.906
1753,0.3,0.0455,0.9858,0.02,815.81
1754,0.3,0.0455,0.9858,0.04,814.95
1755,0.3,0.0455,0.9858,0.06,814.11
1756,0.3,0.0455,0.9858,0.08,816.635
1757,0.3,0.0455,0.9858,0.1,813.664
1758,0.3,0.0455,0.9858,0.12,817.023
1759,0.3,0.0455,0.9858,0.14,816.839
1760,0.3,0.0455,1.1501,0.02,833.12
1761,0.3,0.0455,1.1501,0.04,830.994
1762,0.3,0.0455,1.1501,0.06,833.421
1763,0.3,0.0455,1.1501,0.08,834.336
1764,0.3,0.0455,1.1501,0.1,831.606
1765,0.3,0.0455,1.1501,0.12,835.532
1766,0.3,0.0455,1.1501,0.14,832.032
1767,0.3,0.091,0.1643,0.02,682.7
1768,0.3,0.091,0.1643,0.04,680.948
1769,0.3,0.091,0.1643,0.06,684.806
1770,0.3,0.091,0.1643,0.08,683.876
1771,0.3,0.091,0.1643,0.12,683.695
1772,0.3,0.091,0.1643,0.14,680.325
1773,0.3,0.091,0.3286,0.02,714.289
1774,0.3,0.091,0.3286,0.04,714.097
1775,0.3,0.091,0.3286,0.06,717.778
1776,0.3,0.091,0.3286,0.08,715.206
1777,0.3,0.091,0.3286,0.12,718.478
1778,0.3,0.091,0.3286,0.14,713.311
1779,0.3,0.091,0.4929,0.02,743.257
1780,0.3,0.091,0.4929,0.04,746.287
1781,0.3,0.091,0.4929,0.06,746.097
1782,0.3,0.091,0.4929,0.08,747.722
1783,0.3,0.091,0.4929,0.12,746.75
1784,0.3,0.091,0.4929,0.14,748.244
1785,0.3,0.091,0.6572,0.02,771.265
1786,0.3,0.091,0.6572,0.04,772.048
1787,0.3,0.091,0.6572,0.06,773.51
1788,0.3,0.091,0.6572,0.08,774.065
1789,0.3,0.091,0.6572,0.1,769.128
1790,0.3,0.091,0.6572,0.12,773.042
1791,0.3,0.091,0.6572,0.14,772.778
1792,0.3,0.091,0.8215,0.02,792.856
1793,0.3,0.091,0.8215,0.04,794.766
1794,0.3,0.091,0.8215,0.06,795.154
1795,0.3,0.091,0.8215,0.08,794.441
1796,0.3,0.091,0.8215,0.1,792.762
1797,0.3,0.091,0.8215,0.12,795.431
1798,0.3,0.091,0.8215,0.14,793.67
1799,0.3,0.091,0.9858,0.02,815.025
1800,0.3,0.091,0.9858,0.04,815.311
1801,0.3,0.091,0.9858,0.06,816.302
1802,0.3,0.091,0.9858,0.08,814.661
1803,0.3,0.091,0.9858,0.1,817.054
1804,0.3,0.091,0.9858,0.12,814.423
1805,0.3,0.091,0.9858,0.14,815.048
1806,0.3,0.091,1.1501,0.02,833.215
1807,0.3,0.091,1.1501,0.04,833.545
1808,0.3,0.091,1.1501,0.06,834.695
1809,0.3,0.091,1.1501,0.08,832.574
1810,0.3,0.091,1.1501,0.1,833.108
1811,0.3,0.091,1.1501,0.12,577.112
1812,0.3,0.091,1.1501,0.14,834.8
1813,0.3,0.1365,0.1643,0.02,685.071
1814,0.3,0.1365,0.1643,0.04,685.764
1815,0.3,0.1365,0.1643,0.06,686.633
1816,0.3,0.1365,0.1643,0.08,689.926
1817,0.3,0.1365,0.1643,0.1,689.999
1818,0.3,0.1365,0.1643,0.12,693.096
1819,0.3,0.1365,0.1643,0.14,695.243
1820,0.3,0.1365,0.3286,0.02,717.554
1821,0.3,0.1365,0.3286,0.04,717.306
1822,0.3,0.1365,0.3286,0.06,718.635
1823,0.3,0.1365,0.3286,0.08,717.432
1824,0.3,0.1365,0.3286,0.1,722.658
1825,0.3,0.1365,0.3286,0.12,721.368
1826,0.3,0.1365,0.3286,0.14,539.31
1827,0.3,0.1365,0.4929,0.02,746.322
1828,0.3,0.1365,0.4929,0.04,746.272
1829,0.3,0.1365,0.4929,0.06,750.67
1830,0.3,0.1365,0.4929,0.08,747.526
1831,0.3,0.1365,0.4929,0.1,750.077
1832,0.3,0.1365,0.4929,0.12,752.48
1833,0.3,0.1365,0.4929,0.14,754.482
1834,0.3,0.1365,0.6572,0.02,771.465
1835,0.3,0.1365,0.6572,0.04,770.19
1836,0.3,0.1365,0.6572,0.06,775.836
1837,0.3,0.1365,0.6572,0.08,773.086
1838,0.3,0.1365,0.6572,0.1,774.347
1839,0.3,0.1365,0.6572,0.12,775.874
1840,0.3,0.1365,0.6572,0.14,780.626
1841,0.3,0.1365,0.8215,0.02,792.501
1842,0.3,0.1365,0.8215,0.04,796.486
1843,0.3,0.1365,0.8215,0.06,799.539
1844,0.3,0.1365,0.8215,0.08,799.482
1845,0.3,0.1365,0.8215,0.1,799.213
1846,0.3,0.1365,0.8215,0.12,801.876
1847,0.3,0.1365,0.8215,0.14,801.682
1848,0.3,0.1365,0.9858,0.02,813.303
1849,0.3,0.1365,0.9858,0.04,817.702
1850,0.3,0.1365,0.9858,0.06,817.933
1851,0.3,0.1365,0.9858,0.08,819.994
1852,0.3,0.1365,0.9858,0.1,644.397
1853,0.3,0.1365,0.9858,0.12,822.792
1854,0.3,0.1365,0.9858,0.14,823.651
1855,0.3,0.1365,1.1501,0.02,833.111
1856,0.3,0.1365,1.1501,0.04,580.637
1857,0.3,0.1365,1.1501,0.06,838.285
1858,0.3,0.1365,1.1501,0.08,837.12
1859,0.3,0.1365,1.1501,0.1,838.229
1860,0.3,0.1365,1.1501,0.12,838.345
1861,0.3,0.1365,1.1501,0.14,837.277
1862,0.3,0.182,0.1643,0.02,690.97
1863,0.3,0.182,0.1643,0.04,695.814
1864,0.3,0.182,0.1643,0.06,697.222
1865,0.3,0.182,0.1643,0.08,705.371
1866,0.3,0.182,0.1643,0.1,710.808
1867,0.3,0.182,0.1643,0.12,714.434
1868,0.3,0.182,0.1643,0.14,724.207
1869,0.3,0.182,0.3286,0.02,721.63
1870,0.3,0.182,0.3286,0.04,728.025
1871,0.3,0.182,0.3286,0.06,731.957
1872,0.3,0.182,0.3286,0.08,739.789
1873,0.3,0.182,0.3286,0.1,742.172
1874,0.3,0.182,0.3286,0.12,744.201
1875,0.3,0.182,0.3286,0.14,751.86
1876,0.3,0.182,0.4929,0.02,747.286
1877,0.3,0.182,0.4929,0.04,751.924
1878,0.3,0.182,0.4929,0.06,756.512
1879,0.3,0.182,0.4929,0.08,764.329
1880,0.3,0.182,0.4929,0.1,766.66
1881,0.3,0.182,0.4929,0.12,772.382
1882,0.3,0.182,0.4929,0.14,775.162
1883,0.3,0.182,0.6572,0.02,776.044
1884,0.3,0.182,0.6572,0.04,780.446
1885,0.3,0.182,0.6572,0.06,782.396
1886,0.3,0.182,0.6572,0.08,789.688
1887,0.3,0.182,0.6572,0.1,791.134
1888,0.3,0.182,0.6572,0.12,795.202
1889,0.3,0.182,0.6572,0.14,799.164
1890,0.3,0.182,0.8215,0.02,796.407
1891,0.3,0.182,0.8215,0.04,803.46
1892,0.3,0.182,0.8215,0.06,805.799
1893,0.3,0.182,0.8215,0.08,809.009
1894,0.3,0.182,0.8215,0.1,813.532
1895,0.3,0.182,0.8215,0.12,817.336
1896,0.3,0.182,0.8215,0.14,820.606
1897,0.3,0.182,0.9858,0.02,815.103
1898,0.3,0.182,0.9858,0.04,821.581
1899,0.3,0.182,0.9858,0.06,825.468
1900,0.3,0.182,0.9858,0.08,574.961
1901,0.3,0.182,0.9858,0.1,834.055
1902,0.3,0.182,0.9858,0.12,835.302
1903,0.3,0.182,0.9858,0.14,838.29
1904,0.3,0.182,1.1501,0.02,837.725
1905,0.3,0.182,1.1501,0.04,841.84
1906,0.3,0.182,1.1501,0.06,843.217
1907,0.3,0.182,1.1501,0.08,845.265
1908,0.3,0.182,1.1501,0.1,848.665
1909,0.3,0.182,1.1501,0.12,855.201
1910,0.3,0.182,1.1501,0.14,856.881
1911,0.3,0.2275,0.1643,0.02,682.422
1912,0.3,0.2275,0.1643,0.04,683.097
1913,0.3,0.2275,0.1643,0.06,687.082
1914,0.3,0.2275,0.1643,0.08,695.679
1915,0.3,0.2275,0.1643,0.1,699.695
1916,0.3,0.2275,0.1643,0.12,705.823
1917,0.3,0.2275,0.1643,0.14,714.202
1918,0.3,0.2275,0.3286,0.02,712.471
1919,0.3,0.2275,0.3286,0.04,715.349
1920,0.3,0.2275,0.3286,0.06,717.539
1921,0.3,0.2275,0.3286,0.08,721.264
1922,0.3,0.2275,0.3286,0.1,726.643
1923,0.3,0.2275,0.3286,0.12,733.225
1924,0.3,0.2275,0.3286,0.14,736.273
1925,0.3,0.2275,0.4929,0.02,743.115
1926,0.3,0.2275,0.4929,0.04,743.441
1927,0.3,0.2275,0.4929,0.06,744.935
1928,0.3,0.2275,0.4929,0.08,748.608
1929,0.3,0.2275,0.4929,0.1,750.844
1930,0.3,0.2275,0.4929,0.12,754.367
1931,0.3,0.2275,0.4929,0.14,757.846
1932,0.3,0.2275,0.6572,0.02,763.829
1933,0.3,0.2275,0.6572,0.04,764.533
1934,0.3,0.2275,0.6572,0.06,768.908
1935,0.3,0.2275,0.6572,0.08,769.718
1936,0.3,0.2275,0.6572,0.1,771.307
1937,0.3,0.2275,0.6572,0.12,774.024
1938,0.3,0.2275,0.6572,0.14,777.791
1939,0.3,0.2275,0.8215,0.02,788.655
1940,0.3,0.2275,0.8215,0.04,789.307
1941,0.3,0.2275,0.8215,0.06,788.571
1942,0.3,0.2275,0.8215,0.08,788.243
1943,0.3,0.2275,0.8215,0.1,790.665
1944,0.3,0.2275,0.8215,0.12,792.083
1945,0.3,0.2275,0.8215,0.14,793.56
1946,0.3,0.2275,0.9858,0.02,809.056
1947,0.3,0.2275,0.9858,0.04,805.076
1948,0.3,0.2275,0.9858,0.06,806.307
1949,0.3,0.2275,0.9858,0.08,809.683
1950,0.3,0.2275,0.9858,0.1,807.49
1951,0.3,0.2275,0.9858,0.12,810.497
1952,0.3,0.2275,0.9858,0.14,810.563
1953,0.3,0.2275,1.1501,0.02,827.187
1954,0.3,0.2275,1.1501,0.04,824.395
1955,0.3,0.2275,1.1501,0.06,823.477
1956,0.3,0.2275,1.1501,0.08,823.688
1957,0.3,0.2275,1.1501,0.1,824.706
1958,0.3,0.2275,1.1501,0.12,823.503
1959,0.3,0.2275,1.1501,0.14,825.637
1960,0.3,0.273,0.1643,0.02,579.89
1967,0.3,0.273,0.3286,0.02,622.886
1974,0.3,0.273,0.4929,0.02,654.453
1975,0.3,0.273,0.4929,0.04,616.737
1981,0.3,0.273,0.6572,0.02,680.266
1982,0.3,0.273,0.6572,0.04,645.397
1988,0.3,0.273,0.8215,0.02,701.464
1989,0.3,0.273,0.8215,0.04,669.851
1990,0.3,0.273,0.8215,0.06,648.674
1995,0.3,0.273,0.9858,0.02,724.301
1996,0.3,0.273,0.9858,0.04,689.058
1997,0.3,0.273,0.9858,0.06,669.935
2002,0.3,0.273,1.1501,0.02,743.347
2003,0.3,0.273,1.1501,0.04,707.523
2004,0.3,0.273,1.1501,0.06,686.151
2005,0.3,0.273,1.1501,0.08,670.735
2058,0.35,0.0455,0.1643,0.02,716.577
2059,0.35,0.0455,0.1643,0.04,709.856
2060,0.35,0.0455,0.1643,0.06,712.905
2061,0.35,0.0455,0.1643,0.08,713.236
2062,0.35,0.0455,0.1643,0.1,707.469
2063,0.35,0.0455,0.1643,0.12,712.216
2064,0.35,0.0455,0.1643,0.14,712.839
2065,0.35,0.0455,0.3286,0.02,760.576
2066,0.35,0.0455,0.3286,0.04,758.814
2067,0.35,0.0455,0.3286,0.06,762.754
2068,0.35,0.0455,0.3286,0.08,761.104
2069,0.35,0.0455,0.3286,0.1,763.07
2070,0.35,0.0455,0.3286,0.12,759.581
2071,0.35,0.0455,0.3286,0.14,762.283
2072,0.35,0.0455,0.4929,0.02,794.72
2073,0.35,0.0455,0.4929,0.04,793.392
2074,0.35,0.0455,0.4929,0.06,797.105
2075,0.35,0.0455,0.4929,0.08,797.218
2076,0.35,0.0455,0.4929,0.1,794.83
2077,0.35,0.0455,0.4929,0.12,795.674
2078,0.35,0.0455,0.4929,0.14,795.463
2079,0.35,0.0455,0.6572,0.02,821.86
2080,0.35,0.0455,0.6572,0.04,820.473
2081,0.35,0.0455,0.6572,0.06,824.329
2082,0.35,0.0455,0.6572,0.08,822.39
2083,0.35,0.0455,0.6572,0.1,825.075
2084,0.35,0.0455,0.6572,0.12,821.784
2085,0.35,0.0455,0.6572,0.14,818.182
2086,0.35,0.0455,0.8215,0.02,843.428
2087,0.35,0.0455,0.8215,0.04,846.426
2088,0.35,0.0455,0.8215,0.06,840.867
2089,0.35,0.0455,0.8215,0.08,843.598
2090,0.35,0.0455,0.8215,0.1,846.506
2091,0.35,0.0455,0.8215,0.12,843.945
2092,0.35,0.0455,0.8215,0.14,843.717
2093,0.35,0.0455,0.9858,0.02,863.914
2094,0.35,0.0455,0.9858,0.04,608.945
2095,0.35,0.0455,0.9858,0.06,859.658
2096,0.35,0.0455,0.9858,0.08,864.772
2097,0.35,0.0455,0.9858,0.1,861.456
2098,0.35,0.0455,0.9858,0.12,863.828
2099,0.35,0.0455,0.9858,0.14,865.934
2100,0.35,0.0455,1.1501,0.02,880.855
2101,0.35,0.0455,1.1501,0.04,878.231
2102,0.35,0.0455,1.1501,0.06,878.54
2103,0.35,0.0455,1.1501,0.08,881.258
2104,0.35,0.0455,1.1501,0.1,875.793
2105,0.35,0.0455,1.1501,0.12,877.646
2106,0.35,0.0455,1.1501,0.14,881.233
2107,0.35,0.091,0.1643,0.02,714.778
2108,0.35,0.091,0.1643,0.04,713.389
2109,0.35,0.091,0.1643,0.06,710.614
2110,0.35,0.091,0.1643,0.08,715.46
2111,0.35,0.091,0.1643,0.1,710.588
2112,0.35,0.091,0.1643,0.12,714.795
2113,0.35,0.091,0.1643,0.14,712.577
2114,0.35,0.091,0.3286,0.02,764.069
2115,0.35,0.091,0.3286,0.04,758.083
2116,0.35,0.091,0.3286,0.06,765.469
2117,0.35,0.091,0.3286,0.08,760.814
2118,0.35,0.091,0.3286,0.1,760.903
2119,0.35,0.091,0.3286,0.12,760.053
2120,0.35,0.091,0.3286,0.14,766.488
2121,0.35,0.091,0.4929,0.02,798.844
2122,0.35,0.091,0.4929,0.04,794.943
2123,0.35,0.091,0.4929,0.06,799.257
2124,0.35,0.091,0.4929,0.08,796.363
2125,0.35,0.091,0.4929,0.1,794.789
2126,0.35,0.091,0.4929,0.12,795.461
2127,0.35,0.091,0.4929,0.14,797.505
2128,0.35,0.091,0.6572,0.02,821.164
2129,0.35,0.091,0.6572,0.04,823.426
2130,0.35,0.091,0.6572,0.06,823.16
2131,0.35,0.091,0.6572,0.08,821.036
2132,0.35,0.091,0.6572,0.1,818.74
2133,0.35,0.091,0.6572,0.12,818.859
2134,0.35,0.091,0.6572,0.14,825.401
2135,0.35,0.091,0.8215,0.02,842.417
2136,0.35,0.091,0.8215,0.04,843.698
2137,0.35,0.091,0.8215,0.06,844.816
2138,0.35,0.091,0.8215,0.08,846.313
2139,0.35,0.091,0.8215,0.1,843.451
2140,0.35,0.091,0.8215,0.12,842.424
2141,0.35,0.091,0.8215,0.14,844.607
2142,0.35,0.091,0.9858,0.02,864.547
2143,0.35,0.091,0.9858,0.04,859.981
2144,0.35,0.091,0.9858,0.06,562.153
2145,0.35,0.091,0.9858,0.08,862.113
2146,0.35,0.091,0.9858,0.1,861.919
2147,0.35,0.091,0.9858,0.12,863.718
2148,0.35,0.091,0.9858,0.14,859.42
2149,0.35,0.091,1.1501,0.02,879.771
2150,0.35,0.091,1.1501,0.04,878.368
2151,0.35,0.091,1.1501,0.06,881.366
2152,0.35,0.091,1.1501,0.08,879.914
2153,0.35,0.091,1.1501,0.1,879.406
2154,0.35,0.091,1.1501,0.12,881.987
2155,0.35,0.091,1.1501,0.14,881.921
2156,0.35,0.1365,0.1643,0.02,710.792
2157,0.35,0.1365,0.1643,0.04,716.966
2158,0.35,0.1365,0.1643,0.06,714.934
2159,0.35,0.1365,0.1643,0.08,715.334
2160,0.35,0.1365,0.1643,0.1,718.916
2161,0.35,0.1365,0.1643,0.12,719.429
2162,0.35,0.1365,0.1643,0.14,720.052
2163,0.35,0.1365,0.3286,0.02,761.919
2164,0.35,0.1365,0.3286,0.04,764.82
2165,0.35,0.1365,0.3286,0.06,765.401
2166,0.35,0.1365,0.3286,0.08,765.068
2167,0.35,0.1365,0.3286,0.1,765.196
2168,0.35,0.1365,0.3286,0.12,763.806
2169,0.35,0.1365,0.3286,0.14,765.53
2170,0.35,0.1365,0.4929,0.02,799.058
2171,0.35,0.1365,0.4929,0.04,798.56
2172,0.35,0.1365,0.4929,0.06,798.383
2173,0.35,0.1365,0.4929,0.08,801.288
2174,0.35,0.1365,0.4929,0.1,799.642
2175,0.35,0.1365,0.4929,0.12,798.31
2176,0.35,0.1365,0.4929,0.14,799.956
2177,0.35,0.1365,0.6572,0.02,821.796
2178,0.35,0.1365,0.6572,0.04,822.691
2179,0.35,0.1365,0.6572,0.06,822.615
2180,0.35,0.1365,0.6572,0.08,823.782
2181,0.35,0.1365,0.6572,0.1,828.619
2182,0.35,0.1365,0.6572,0.12,828.146
2183,0.35,0.1365,0.6572,0.14,823.323
2184,0.35,0.1365,0.8215,0.02,843.41
2185,0.35,0.1365,0.8215,0.04,844.105
2186,0.35,0.1365,0.8215,0.06,845.553
2187,0.35,0.1365,0.8215,0.08,845.247
2188,0.35,0.1365,0.8215,0.1,601.969
2189,0.35,0.1365,0.8215,0.12,850.608
2190,0.35,0.1365,0.8215,0.14,849.582
2191,0.35,0.1365,0.9858,0.02,860.718
2192,0.35,0.1365,0.9858,0.04,862.888
2193,0.35,0.1365,0.9858,0.06,865.067
2194,0.35,0.1365,0.9858,0.08,864.137
2195,0.35,0.1365,0.9858,0.1,866.952
2196,0.35,0.1365,0.9858,0.12,868.942
2197,0.35,0.1365,0.9858,0.14,865.996
2198,0.35,0.1365,1.1501,0.02,879.575
2199,0.35,0.1365,1.1501,0.04,877.305
2200,0.35,0.1365,1.1501,0.06,879.102
2201,0.35,0.1365,1.1501,0.08,882.837
2202,0.35,0.1365,1.1501,0.1,881.188
2203,0.35,0.1365,1.1501,0.12,885.693
2204,0.35,0.1365,1.1501,0.14,883.696
2205,0.35,0.182,0.1643,0.02,717.622
2206,0.35,0.182,0.1643,0.04,723.248
2207,0.35,0.182,0.1643,0.06,726.717
2208,0.35,0.182,0.1643,0.08,731.552
2209,0.35,0.182,0.1643,0.1,735.954
2210,0.35,0.182,0.1643,0.12,742.212
2211,0.35,0.182,0.1643,0.14,746.397
2212,0.35,0.182,0.3286,0.02,764.853
2213,0.35,0.182,0.3286,0.04,768.682
2214,0.35,0.182,0.3286,0.06,773.736
2215,0.35,0.182,0.3286,0.08,776.963
2216,0.35,0.182,0.3286,0.1,778.61
2217,0.35,0.182,0.3286,0.12,780.56
2218,0.35,0.182,0.3286,0.14,785.773
2219,0.35,0.182,0.4929,0.02,799.647
2220,0.35,0.182,0.4929,0.04,799.989
2221,0.35,0.182,0.4929,0.06,809.433
2222,0.35,0.182,0.4929,0.08,805.112
2223,0.35,0.182,0.4929,0.1,812.974
2224,0.35,0.182,0.4929,0.12,817.156
2225,0.35,0.182,0.4929,0.14,819.86
2226,0.35,0.182,0.6572,0.02,819.076
2227,0.35,0.182,0.6572,0.04,824.369
2228,0.35,0.182,0.6572,0.06,829.536
2229,0.35,0.182,0.6572,0.08,832.822
2230,0.35,0.182,0.6572,0.1,837.502
2231,0.35,0.182,0.6572,0.12,839.458
2232,0.35,0.182,0.6572,0.14,842.349
2233,0.35,0.182,0.8215,0.02,553.057
2234,0.35,0.182,0.8215,0.04,849.531
2235,0.35,0.182,0.8215,0.06,854.899
2236,0.35,0.182,0.8215,0.08,857.284
2237,0.35,0.182,0.8215,0.1,855.497
2238,0.35,0.182,0.8215,0.12,862.313
2239,0.35,0.182,0.8215,0.14,861.076
2240,0.35,0.182,0.9858,0.02,862.454
2241,0.35,0.182,0.9858,0.04,864.234
2242,0.35,0.182,0.9858,0.06,564.774
2243,0.35,0.182,0.9858,0.08,873.245
2244,0.35,0.182,0.9858,0.1,873.669
2245,0.35,0.182,0.9858,0.12,878.438
2246,0.35,0.182,0.9858,0.14,874.507
2247,0.35,0.182,1.1501,0.02,881.731
2248,0.35,0.182,1.1501,0.04,884.912
2249,0.35,0.182,1.1501,0.06,885.663
2250,0.35,0.182,1.1501,0.08,886.634
2251,0.35,0.182,1.1501,0.1,889.579
2252,0.35,0.182,1.1501,0.12,887.576
2253,0.35,0.182,1.1501,0.14,893.774
2254,0.35,0.2275,0.1643,0.02,708.677
2255,0.35,0.2275,0.1643,0.04,713.969
2256,0.35,0.2275,0.1643,0.06,716.366
2257,0.35,0.2275,0.1643,0.08,719.822
2258,0.35,0.2275,0.1643,0.1,725.341
2259,0.35,0.2275,0.1643,0.12,730.535
2260,0.35,0.2275,0.1643,0.14,732.167
2261,0.35,0.2275,0.3286,0.02,759.448
2262,0.35,0.2275,0.3286,0.04,757.882
2263,0.35,0.2275,0.3286,0.06,758.719
2264,0.35,0.2275,0.3286,0.08,761.384
2265,0.35,0.2275,0.3286,0.1,764.036
2266,0.35,0.2275,0.3286,0.12,768.144
2267,0.35,0.2275,0.3286,0.14,768.819
2268,0.35,0.2275,0.4929,0.02,790.859
2269,0.35,0.2275,0.4929,0.04,795.377
2270,0.35,0.2275,0.4929,0.06,789.171
2271,0.35,0.2275,0.4929,0.08,793.786
2272,0.35,0.2275,0.4929,0.1,794.297
2273,0.35,0.2275,0.4929,0.12,797.363
2274,0.35,0.2275,0.4929,0.14,798.997
2275,0.35,0.2275,0.6572,0.02,816.71
2276,0.35,0.2275,0.6572,0.04,818.201
2277,0.35,0.2275,0.6572,0.06,819.392
2278,0.35,0.2275,0.6572,0.08,817.255
2279,0.35,0.2275,0.6572,0.1,819.472
2280,0.35,0.2275,0.6572,0.12,819.321
2281,0.35,0.2275,0.6572,0.14,820.546
2282,0.35,0.2275,0.8215,0.02,837.334
2283,0.35,0.2275,0.8215,0.04,838.214
2284,0.35,0.2275,0.8215,0.06,833.924
2285,0.35,0.2275,0.8215,0.08,837.637
2286,0.35,0.2275,0.8215,0.1,835.528
2287,0.35,0.2275,0.8215,0.12,839.067
2288,0.35,0.2275,0.8215,0.14,838.065
2289,0.35,0.2275,0.9858,0.02,859.693
2290,0.35,0.2275,0.9858,0.04,855.328
2291,0.35,0.2275,0.9858,0.06,851.233
2292,0.35,0.2275,0.9858,0.08,851.476
2293,0.35,0.2275,0.9858,0.1,853.727
2294,0.35,0.2275,0.9858,0.12,852.863
2295,0.35,0.2275,0.9858,0.14,852.385
2296,0.35,0.2275,1.1501,0.02,875.343
2297,0.35,0.2275,1.1501,0.04,871.857
2298,0.35,0.2275,1.1501,0.06,870.51
2299,0.35,0.2275,1.1501,0.08,867.18
2300,0.35,0.2275,1.1501,0.1,864.663
2301,0.35,0.2275,1.1501,0.12,865.558
2302,0.35,0.2275,1.1501,0.14,863.569
2303,0.35,0.273,0.1643,0.02,626.071
2310,0.35,0.273,0.3286,0.02,680.303
2311,0.35,0.273,0.3286,0.04,650.096
2317,0.35,0.273,0.4929,0.02,720.622
2318,0.35,0.273,0.4929,0.04,689.405
2319,0.35,0.273,0.4929,0.06,668.901
2324,0.35,0.273,0.6572,0.02,749.956
2325,0.35,0.273,0.6572,0.04,720.533
2326,0.35,0.273,0.6572,0.06,701.533
2327,0.35,0.273,0.6572,0.08,686.666
2328,0.35,0.273,0.6572,0.1,662.707
2331,0.35,0.273,0.8215,0.02,777.014
2332,0.35,0.273,0.8215,0.04,740.958
2333,0.35,0.273,0.8215,0.06,721.634
2334,0.35,0.273,0.8215,0.08,707.176
2335,0.35,0.273,0.8215,0.1,700.288
2338,0.35,0.273,0.9858,0.02,794.639
2339,0.35,0.273,0.9858,0.04,762.336
2340,0.35,0.273,0.9858,0.06,739.799
2341,0.35,0.273,0.9858,0.08,725.923
2342,0.35,0.273,0.9858,0.1,719.45
2345,0.35,0.273,1.1501,0.02,808.923
2346,0.35,0.273,1.1501,0.04,777.505
2347,0.35,0.273,1.1501,0.06,754.32
2348,0.35,0.273,1.1501,0.08,741.26
2349,0.35,0.273,1.1501,0.1,730.309
