,target,minMAPE-0,AbsDiffs-0,RelDiffs-0,minMAPE-1,AbsDiffs-1,RelDiffs-1,minMAPE-2,AbsDiffs-2,RelDiffs-2,minMAPE-3,AbsDiffs-3,RelDiffs-3,minMAPE-4,AbsDiffs-4,RelDiffs-4,minMAPE-5,AbsDiffs-5,RelDiffs-5,minMAPE-6,AbsDiffs-6,RelDiffs-6,minMAPE-7,AbsDiffs-7,RelDiffs-7,minMAPE-8,AbsDiffs-8,RelDiffs-8,minMAPE-9,AbsDiffs-9,RelDiffs-9,minMAPE-10,AbsDiffs-10,RelDiffs-10,minMAPE-11,AbsDiffs-11,RelDiffs-11
0,0.0,0.0,0.0,0.0,0.0,0.0,0.0,0.0,0.0,0.0,0.0,0.0,0.0,0.0,0.0,0.0,0.0,0.0,0.0,0.0,0.0,0.0,0.0,0.0,0.0,0.0,0.0,0.0,0.0,0.0,0.0,0.0,0.0,0.0,0.0,0.0,0.0
1,0.491,0.637,0.14600000000000002,0.0,0.6588,0.16780000000000006,0.0,0.4612712,-0.0297288,0.0,0.40409,-0.08690999999999999,0.0,0.8342999999999998,0.3432999999999998,0.0,0.6403999999999999,0.14939999999999987,0.0,0.8422999999999998,0.35129999999999983,0.0,0.59143,0.10043000000000002,0.0,0.8280000000000003,0.3370000000000003,0.0,0.8370999999999995,0.3460999999999995,0.0,0.6232,0.13219999999999998,0.0,0.8429000000000002,0.3519000000000002,0.0
2,0.746,1.0593,0.3132999999999999,0.0,1.0860999999999998,0.34009999999999985,0.0,0.90183,0.15583000000000002,0.0,0.63104,-0.11495999999999995,0.0,1.6665,0.9205000000000001,0.0,1.0690000000000002,0.3230000000000002,0.0,1.6094,0.8634,0.0,1.0472300000000003,0.30123000000000033,0.0,1.6022999999999996,0.8562999999999996,0.0,1.6734999999999998,0.9274999999999998,0.0,1.0674000000000001,0.32140000000000013,0.0,1.6098,0.8637999999999999,0.0
3,0.542,0.6009000000000002,0.058900000000000174,0.0,0.6167,0.07469999999999999,0.0,0.472594,-0.06940600000000002,0.0,0.39402000000000004,-0.14798,0.0,0.8297999999999996,0.2877999999999996,0.0,0.6026,0.06059999999999999,0.0,0.8203999999999994,0.2783999999999993,0.0,0.57133,0.029329999999999967,0.0,0.8106999999999998,0.2686999999999997,0.0,0.8322000000000003,0.29020000000000024,0.0,0.5932,0.05119999999999991,0.0,0.8209,0.2788999999999999,0.0
4,1.195,1.3975,0.2024999999999999,0.1694560669456066,1.4408999999999998,0.24589999999999979,0.20577405857740566,1.03091,-0.16409000000000007,-0.1373138075313808,0.931797,-0.2632030000000001,-0.2202535564853557,1.7732999999999999,0.5782999999999998,0.48393305439330525,1.4035,0.2084999999999999,0.17447698744769866,1.7912,0.5961999999999998,0.49891213389121325,1.30173,0.10672999999999999,0.08931380753138074,1.7626,0.5675999999999999,0.47497907949790785,1.7785000000000002,0.5835000000000001,0.488284518828452,1.3674,0.1723999999999999,0.14426778242677815,1.7961,0.6011,0.5030125523012552
5,1.17,1.5788000000000002,0.4088000000000003,0.34940170940170967,1.6247,0.4547000000000001,0.38863247863247874,1.26289,0.09289000000000014,0.07939316239316252,0.929092,-0.2409079999999999,-0.20590427350427343,2.4024,1.2324000000000002,1.0533333333333335,1.5915000000000001,0.4215000000000002,0.3602564102564105,2.3427999999999995,1.1727999999999996,1.0023931623931621,1.52753,0.3575300000000001,0.3055811965811967,2.3267999999999995,1.1567999999999996,0.9887179487179485,2.4117999999999995,1.2417999999999996,1.061367521367521,1.5755,0.40549999999999997,0.34658119658119657,2.3473000000000006,1.1773000000000007,1.0062393162393168
6,1.057,1.2394000000000003,0.18240000000000034,0.17256385998107884,1.2784000000000002,0.22140000000000026,0.2094607379375594,0.93138,-0.12561999999999995,-0.11884578997161775,0.7993830000000001,-0.2576169999999999,-0.24372469252601692,1.6586999999999996,0.6016999999999997,0.5692526017029326,1.2463,0.18930000000000002,0.17909176915799435,1.6571999999999996,0.6001999999999996,0.5678334910122986,1.16303,0.10603000000000007,0.10031220435193952,1.6338,0.5768,0.5456953642384106,1.6634000000000002,0.6064000000000003,0.573699148533586,1.2178,0.16080000000000005,0.15212866603595088,1.6608999999999998,0.6038999999999999,0.5713339640491958
7,1.183,1.7415000000000003,0.5585000000000002,0.47210481825866457,1.7933000000000001,0.6103000000000001,0.5158918005071852,1.48257,0.2995699999999999,0.25322907861369387,0.9131020000000001,-0.26989799999999997,-0.22814708368554518,3.0088999999999997,1.8258999999999996,1.5434488588334738,1.7596,0.5766,0.48740490278951815,2.841899999999999,1.658899999999999,1.4022823330515628,1.72303,0.54003,0.45649196956889265,2.8433,1.6603,1.4034657650042266,3.0230999999999995,1.8400999999999994,1.555452240067624,1.7557999999999998,0.5727999999999998,0.4841927303465763,2.841899999999999,1.658899999999999,1.4022823330515628
8,1.084,1.1952000000000003,0.11120000000000019,0.10258302583025847,1.2289,0.14490000000000003,0.13367158671586718,0.94372,-0.14028000000000007,-0.12940959409594102,0.784535,-0.2994650000000001,-0.276259225092251,1.6547,0.5707,0.5264760147601476,1.2053,0.12129999999999996,0.11190036900368999,1.6360999999999999,0.5520999999999998,0.5093173431734316,1.13993,0.055930000000000035,0.05159594095940962,1.6178999999999997,0.5338999999999996,0.49252767527675234,1.6601,0.5760999999999998,0.5314575645756455,1.1810999999999998,0.09709999999999974,0.08957564575645732,1.6381999999999994,0.5541999999999994,0.5112546125461248
9,1.261,1.8507000000000002,0.5897000000000003,0.4676447264076133,1.906,0.645,0.5114988104678827,1.49577,0.23477000000000015,0.18617763679619362,1.03027,-0.23072999999999988,-0.18297383029341785,3.051899999999999,1.790899999999999,1.4202220459952413,1.8699999999999999,0.609,0.4829500396510706,2.9217999999999993,1.6607999999999994,1.317049960348929,1.8138300000000003,0.5528300000000004,0.43840602696272835,2.9132,1.6522,1.3102299762093577,3.0663,1.8053000000000001,1.431641554321967,1.8576000000000001,0.5966000000000002,0.4731165741475022,2.9221000000000004,1.6611000000000005,1.3172878667724033
10,1.089,1.1985000000000001,0.10950000000000015,0.10055096418732797,1.2324,0.14339999999999997,0.13168044077134983,0.9447099999999999,-0.14429000000000003,-0.13249770431588617,0.782923,-0.30607699999999993,-0.2810624426078971,1.6582,0.5691999999999999,0.5226813590449954,1.2055999999999998,0.11659999999999981,0.1070707070707069,1.6384999999999996,0.5494999999999997,0.5045913682277315,1.1414300000000002,0.0524300000000002,0.04814508723599651,1.6212999999999997,0.5322999999999998,0.48879706152433405,1.6636999999999995,0.5746999999999995,0.5277318640955001,1.1856999999999998,0.09669999999999979,0.08879706152433406,1.6421999999999999,0.5531999999999999,0.5079889807162534
11,0.679,1.0622000000000003,0.3832000000000002,0.0,1.0933,0.4142999999999999,0.0,0.86151,0.18250999999999995,0.0,0.60612,-0.07288000000000006,0.0,1.6541999999999994,0.9751999999999994,0.0,1.0725,0.39349999999999996,0.0,1.6050999999999993,0.9260999999999993,0.0,1.0369300000000004,0.3579300000000003,0.0,1.5965999999999996,0.9175999999999995,0.0,1.6603000000000003,0.9813000000000003,0.0,1.0648,0.3857999999999999,0.0,1.6074000000000002,0.9284000000000001,0.0
12,1.27,1.6428000000000003,0.37280000000000024,0.29354330708661436,1.6875000000000002,0.4175000000000002,0.3287401574803151,1.36147,0.09146999999999994,0.07202362204724405,1.00957,-0.26042999999999994,-0.2050629921259842,2.4833999999999996,1.2133999999999996,0.9554330708661414,1.6529,0.3829,0.301496062992126,2.412799999999999,1.142799999999999,0.8998425196850385,1.60393,0.33393000000000006,0.2629370078740158,2.4012000000000002,1.1312000000000002,0.890708661417323,2.4925999999999995,1.2225999999999995,0.9626771653543302,1.6433999999999997,0.37339999999999973,0.2940157480314958,2.4161,1.1461000000000001,0.9024409448818899
13,0.929,1.3568000000000002,0.4278000000000002,0.0,1.3954000000000002,0.46640000000000015,0.0,1.16824,0.2392399999999999,0.0,0.73189,-0.19711,0.0,2.3221,1.3930999999999998,0.0,1.3716000000000002,0.4426000000000001,0.0,2.1978999999999997,1.2688999999999997,0.0,1.3466300000000002,0.41763000000000017,0.0,2.1978999999999997,1.2688999999999997,0.0,2.3320999999999996,1.4030999999999996,0.0,1.3697,0.44069999999999987,0.0,2.1975999999999996,1.2685999999999995,0.0
14,1.257,1.6294,0.37240000000000006,0.29626093874303905,1.6739,0.41690000000000005,0.3316626889419253,1.33384,0.07684000000000002,0.061129673826571224,0.98637,-0.2706299999999999,-0.21529832935560855,2.4631,1.2061,0.9595067621320605,1.6422999999999999,0.3853,0.30652346857597457,2.3950999999999993,1.1380999999999994,0.9054097056483688,1.5838300000000003,0.3268300000000004,0.26000795544948324,2.3803,1.1233000000000002,0.8936356404136836,2.4718,1.2148,0.9664280031821799,1.6286,0.37160000000000015,0.29562450278440744,2.3977000000000004,1.1407000000000005,0.9074781225139225
15,1.128,1.5281000000000002,0.40010000000000034,0.35469858156028405,1.574,0.4460000000000002,0.395390070921986,1.21499,0.08699000000000012,0.07711879432624125,0.8724257,-0.2555742999999999,-0.22657296099290775,2.3659999999999997,1.2379999999999998,1.0975177304964538,1.5416999999999998,0.41369999999999996,0.36675531914893617,2.3020999999999994,1.1740999999999995,1.0408687943262407,1.48143,0.35343000000000013,0.31332446808510656,2.2866,1.1586,1.0271276595744683,2.3736999999999995,1.2456999999999996,1.1043439716312053,1.5257,0.39770000000000016,0.3525709219858158,2.3050999999999995,1.1770999999999996,1.043528368794326
16,1.047,1.2392000000000003,0.19220000000000037,0.18357211079274152,1.2741,0.22710000000000008,0.2169054441260746,0.94068,-0.10631999999999997,-0.10154727793696273,0.804239,-0.2427609999999999,-0.23186341929321863,1.6677999999999997,0.6207999999999998,0.5929321872015281,1.2436999999999998,0.19669999999999987,0.18787010506208204,1.6613999999999995,0.6143999999999996,0.5868194842406873,1.1661300000000003,0.1191300000000004,0.11378223495702044,1.6384999999999996,0.5914999999999997,0.56494746895893,1.6765999999999996,0.6295999999999997,0.6013371537726836,1.2170999999999998,0.17009999999999992,0.16246418338108876,1.6629999999999994,0.6159999999999994,0.5883476599808973
17,1.37,1.8059000000000003,0.4359000000000002,0.3181751824817519,1.8616,0.4915999999999998,0.358832116788321,1.49597,0.12596999999999992,0.09194890510948898,0.98017,-0.3898300000000001,-0.28454744525547454,3.0080999999999998,1.6380999999999997,1.195693430656934,1.8242,0.45419999999999994,0.3315328467153284,2.8711,1.5011,1.0956934306569344,1.7708300000000001,0.40083,0.2925766423357664,2.863199999999999,1.493199999999999,1.0899270072992693,3.0220000000000002,1.6520000000000001,1.205839416058394,1.8142,0.44419999999999993,0.3242335766423357,2.8717000000000006,1.5017000000000005,1.096131386861314
18,1.368,1.795,0.4269999999999998,0.31213450292397643,1.8465,0.4784999999999999,0.34978070175438586,1.42652,0.058519999999999905,0.042777777777777706,1.11745,-0.25055000000000005,-0.18315058479532165,2.5755,1.2074999999999998,0.882675438596491,1.8082999999999998,0.4402999999999997,0.32185672514619856,2.527799999999999,1.159799999999999,0.8478070175438589,1.72573,0.3577299999999999,0.2614985380116958,2.5065999999999997,1.1385999999999996,0.8323099415204674,2.5832999999999995,1.2152999999999994,0.8883771929824557,1.7854,0.4174,0.30511695906432745,2.5325000000000006,1.1645000000000005,0.8512426900584799
19,1.181,1.3372000000000002,0.15620000000000012,0.13226079593564785,1.3789,0.19789999999999996,0.16756985605419134,1.00628,-0.17472,-0.14794242167654528,0.887896,-0.29310400000000003,-0.24818289585097378,1.7398999999999996,0.5588999999999995,0.47324301439458044,1.3444,0.1634,0.13835732430143943,1.7451999999999996,0.5641999999999996,0.47773073666384386,1.2532300000000003,0.07223000000000024,0.06116003386960223,1.7195,0.5385,0.455969517358171,1.7442000000000002,0.5632000000000001,0.4768839966130399,1.3123999999999998,0.13139999999999974,0.11126164267569834,1.7488000000000001,0.5678000000000001,0.4807790008467401
20,0.888,1.3577,0.4696999999999999,0.0,1.3989,0.5109,0.0,1.13125,0.24325000000000008,0.0,0.71314,-0.17486000000000002,0.0,2.2984,1.4104,0.0,1.3709,0.4829,0.0,2.1856999999999998,1.2976999999999999,0.0,1.33413,0.44613,0.0,2.1821,1.2941000000000003,0.0,2.309,1.4210000000000003,0.0,1.3645999999999998,0.4765999999999998,0.0,2.1849,1.2969,0.0
21,2.381,2.4474,0.06640000000000024,0.027887442251155078,2.4897,0.10870000000000024,0.04565308693826134,2.11487,-0.26613,-0.11177236455270895,1.9553500000000001,-0.42564999999999964,-0.17876942461150763,2.9165,0.5355000000000003,0.22490550188996236,2.4558999999999997,0.07489999999999997,0.03145737085258294,2.941699999999999,0.5606999999999993,0.23548929021419546,2.37223,-0.008769999999999722,-0.003683326333473214,2.9092000000000002,0.5282000000000004,0.22183956320873605,2.9212999999999996,0.5402999999999998,0.2269214615707685,2.4291,0.048100000000000254,0.020201595968080747,2.9476999999999993,0.5666999999999995,0.23800923981520353
22,1.011,1.1862,0.17520000000000002,0.1732937685459941,1.2213,0.21030000000000015,0.20801186943620195,0.89426,-0.11673999999999984,-0.11546983184965366,0.7540800000000001,-0.2569199999999998,-0.2541246290801185,1.6170999999999998,0.6060999999999999,0.599505440158259,1.1924,0.1814,0.17942631058358063,1.6129999999999995,0.6019999999999996,0.5954500494559839,1.11883,0.10783000000000009,0.10665677546983195,1.5923999999999996,0.5813999999999997,0.5750741839762609,1.6219999999999999,0.611,0.6043521266073195,1.1711,0.16010000000000013,0.15835806132542052,1.6174,0.6064,0.5998021760633038
23,1.421,1.8366000000000002,0.4156000000000002,0.2924700914848699,1.8892,0.46819999999999995,0.32948627726952845,1.47157,0.050570000000000004,0.03558761435608727,1.16769,-0.25331000000000015,-0.17826178747361024,2.6052999999999997,1.1842999999999997,0.8334271639690356,1.8499,0.42890000000000006,0.3018296973961999,2.5654000000000003,1.1444000000000003,0.8053483462350459,1.77053,0.3495299999999999,0.24597466572836024,2.5420999999999996,1.1210999999999995,0.7889514426460236,2.6129999999999995,1.1919999999999995,0.8388458831808582,1.8266,0.40559999999999996,0.285432793807178,2.5676000000000005,1.1466000000000005,0.8068965517241382
24,1.611,2.0751,0.46409999999999996,0.28808193668528864,2.1338999999999997,0.5228999999999997,0.324581005586592,1.72457,0.11356999999999995,0.07049658597144627,1.2282600000000001,-0.38273999999999986,-0.23757914338919917,3.2359,1.6249,1.0086281812538795,2.0927999999999995,0.48179999999999956,0.2990689013035379,3.1130999999999993,1.5020999999999993,0.9324022346368711,2.02543,0.4144300000000001,0.2572501551831161,3.1019000000000005,1.4909000000000006,0.9254500310366236,3.2487999999999992,1.6377999999999993,1.016635630043451,2.0777,0.4667000000000001,0.2896958410924892,3.1145999999999994,1.5035999999999994,0.9333333333333329
25,1.699,1.8907000000000003,0.1917000000000002,0.11283107710417904,1.9441,0.24509999999999987,0.14426133019423182,1.4416799999999999,-0.2573200000000002,-0.1514537963507947,1.23669,-0.46231,-0.2721071218363743,2.5210999999999997,0.8220999999999996,0.48387286639199506,1.8966999999999998,0.19769999999999976,0.1163625662154207,2.516399999999999,0.817399999999999,0.4811065332548552,1.78153,0.08252999999999999,0.04857563272513243,2.4824,0.7834000000000001,0.46109476162448504,2.5293,0.8303,0.4886992348440259,1.8597000000000001,0.16070000000000007,0.09458505002942912,2.5205,0.8215000000000001,0.48351971748087114
26,2.412,2.4629000000000003,0.05090000000000039,0.021102819237147758,2.5056000000000003,0.09360000000000035,0.038805970149253875,2.12987,-0.28213,-0.116969320066335,1.97025,-0.44174999999999986,-0.18314676616915418,2.9323999999999995,0.5203999999999995,0.21575456053067973,2.4717000000000002,0.05970000000000031,0.024751243781094657,2.9574,0.5453999999999999,0.22611940298507457,2.38883,-0.023169999999999913,-0.009606135986732966,2.9251000000000005,0.5131000000000006,0.21272802653399692,2.9363,0.5243000000000002,0.2173714759535656,2.445,0.03299999999999992,0.013681592039800962,2.9641,0.5521000000000003,0.2288971807628525
27,2.669,2.8781,0.20909999999999984,0.07834394904458593,2.9395000000000007,0.27050000000000063,0.10134881978269038,2.35127,-0.31773000000000007,-0.11904458598726117,2.19535,-0.4736500000000001,-0.17746346946421884,3.467199999999999,0.7981999999999991,0.29906331959535376,2.8883,0.21930000000000005,0.08216560509554142,3.4824,0.8134000000000001,0.3047583364556014,2.7471300000000003,0.07813000000000025,0.02927313600599485,3.443199999999999,0.7741999999999991,0.29007118771075274,3.4743999999999993,0.8053999999999992,0.3017609591607341,2.8377000000000003,0.1687000000000003,0.06320719370550779,3.488999999999999,0.819999999999999,0.30723117272386624
28,1.531,1.7368000000000001,0.2058000000000002,0.13442194644023528,1.7902000000000002,0.2592000000000003,0.16930111038536927,1.33448,-0.1965199999999998,-0.12836054866100577,1.10375,-0.4272499999999999,-0.2790659699542782,2.4067,0.8756999999999999,0.5719790986283475,1.7444,0.21340000000000003,0.1393860222077074,2.3921,0.8611000000000002,0.5624428478118878,1.6469300000000002,0.11593000000000031,0.0757217504898761,2.3585000000000003,0.8275000000000003,0.5404964075767474,2.4143999999999997,0.8833999999999997,0.5770084911822337,1.71,0.17900000000000005,0.11691704768125412,2.3948,0.8638000000000001,0.5642064010450687
29,2.608,2.5173,-0.0907,-0.03477760736196319,2.5579,-0.05010000000000003,-0.019210122699386514,2.20457,-0.4034300000000002,-0.15468941717791418,2.03245,-0.5755500000000002,-0.22068634969325163,2.9885,0.38050000000000006,0.14589723926380369,2.526,-0.0820000000000003,-0.03144171779141115,3.0107999999999997,0.4027999999999996,0.15444785276073603,2.4504300000000003,-0.15756999999999977,-0.060417944785275984,2.9792000000000005,0.3712000000000004,0.14233128834355843,2.9939,0.3858999999999999,0.1479677914110429,2.5016,-0.10640000000000027,-0.04079754601227004,3.0153999999999996,0.40739999999999954,0.1562116564417176
30,3.153,3.1135,-0.03949999999999987,-0.012527751347922571,3.1713000000000005,0.018300000000000427,0.005803996194100992,2.65717,-0.4958300000000002,-0.157256581033936,2.41105,-0.7419500000000001,-0.2353155724706629,3.8114,0.6583999999999999,0.2088169996828417,3.1257,-0.02729999999999988,-0.008658420551855337,3.8293999999999997,0.6763999999999997,0.21452584839835068,3.01403,-0.13897000000000004,-0.04407548366634952,3.7895000000000003,0.6365000000000003,0.20187123374563917,3.8179,0.6648999999999998,0.2108785283856644,3.0902,-0.06280000000000019,-0.019917538851887153,3.835699999999999,0.6826999999999992,0.21652394544877868
31,2.923,2.9326,0.009599999999999831,0.0032842969551829734,2.9923,0.06930000000000014,0.023708518645227553,2.45997,-0.46302999999999983,-0.15840916866233315,2.23555,-0.6874500000000001,-0.2351864522750599,3.6137000000000006,0.6907000000000005,0.23629832364009598,2.9436,0.02059999999999995,0.0070475538829969046,3.629299999999999,0.7062999999999988,0.2416353061922678,2.82263,-0.10036999999999985,-0.034338008894970865,3.5885,0.6654999999999998,0.22767704413274026,3.6204,0.6974,0.23859048922340062,2.9031999999999996,-0.019800000000000484,-0.006773862470065167,3.636099999999999,0.713099999999999,0.24396168320218917
32,1.876,2.0323,0.15630000000000033,0.08331556503198312,2.0915,0.21550000000000002,0.11487206823027721,1.55377,-0.3222299999999998,-0.1717643923240937,1.36737,-0.5086299999999999,-0.2711247334754797,2.6426999999999996,0.7666999999999997,0.408688699360341,2.0418000000000003,0.1658000000000004,0.08837953091684457,2.6465999999999994,0.7705999999999995,0.4107675906183367,1.91243,0.036430000000000184,0.019418976545842317,2.6106999999999996,0.7346999999999997,0.3916311300639657,2.6502,0.7742,0.4126865671641791,1.9975,0.12150000000000016,0.06476545842217493,2.6524,0.7764000000000002,0.41385927505330505
33,3.011,3.1158,0.1048,0.03480571238791099,3.1726,0.16159999999999997,0.05366987711723679,2.6625699999999997,-0.34843000000000046,-0.11571903022251759,2.44075,-0.5702500000000001,-0.18938890733975428,3.8023,0.7912999999999997,0.2628030554633011,3.1273,0.11629999999999985,0.03862504151444698,3.823599999999999,0.8125999999999989,0.269877117236798,3.01623,0.005230000000000068,0.0017369644636333669,3.7812,0.7702,0.25579541680504814,3.8101000000000003,0.7991000000000001,0.26539355695782135,3.0921999999999996,0.0811999999999995,0.02696778478910644,3.8306000000000004,0.8196000000000003,0.2722019262703422
34,3.129,3.1245000000000003,-0.0044999999999997264,-0.0014381591562798743,3.2032000000000007,0.07420000000000071,0.023713646532438706,2.44057,-0.6884299999999999,-0.22001597954618085,2.2367500000000002,-0.8922499999999998,-0.28515500159795454,3.918,0.7890000000000001,0.25215723873442,3.1380999999999997,0.009099999999999664,0.0029082774049215927,3.9217999999999993,0.7927999999999993,0.25337168424416723,2.95603,-0.17296999999999985,-0.0552796420581655,3.8748000000000005,0.7458000000000005,0.23835091083413246,3.9290000000000003,0.8000000000000003,0.2556727388942155,3.0726999999999998,-0.05630000000000024,-0.017992968999680486,3.9298,0.8008000000000002,0.2559284116331097
35,2.963,2.998,0.03500000000000014,0.011812352345595727,3.0548,0.0918000000000001,0.03098211272359099,2.5653699999999997,-0.39763000000000037,-0.13419844751940613,2.30995,-0.6530499999999999,-0.22040161997975022,3.7223999999999995,0.7593999999999994,0.2562942963212958,3.0104999999999995,0.04749999999999943,0.01603104961187966,3.729799999999999,0.766799999999999,0.2587917651029359,2.90513,-0.057869999999999866,-0.019530880863989155,3.6907999999999994,0.7277999999999993,0.24562942963212936,3.7296999999999993,0.7666999999999993,0.2587580155248057,2.9774,0.014399999999999746,0.004859939250759279,3.7354000000000003,0.7724000000000002,0.2606817414782316
36,3.588,3.5835999999999997,-0.004400000000000404,-0.0012263099219622083,3.6568000000000005,0.06880000000000042,0.01917502787068016,3.0024699999999998,-0.5855300000000003,-0.163191192865106,2.71885,-0.8691499999999999,-0.2422380156075808,4.4646,0.8765999999999998,0.24431438127090296,3.5984,0.010399999999999743,0.002898550724637609,4.477599999999999,0.8895999999999988,0.24793756967669978,3.45363,-0.1343700000000001,-0.03744983277591976,4.427,0.8389999999999995,0.23383500557413586,4.4735,0.8854999999999995,0.24679487179487164,3.5517999999999996,-0.036200000000000454,-0.010089186176142824,4.4856,0.8975999999999997,0.2501672240802675
37,3.323,3.3194,-0.0036000000000000476,-0.0010833584110743447,3.3824000000000005,0.05940000000000056,0.017875413782726623,2.80617,-0.5168300000000001,-0.15553114655431843,2.5997500000000002,-0.7232499999999997,-0.21764971411375256,3.9545000000000003,0.6315000000000004,0.1900391212759556,3.3312,0.008199999999999985,0.0024676497141137483,3.9926999999999992,0.6696999999999993,0.20153475774902177,3.19753,-0.12546999999999997,-0.03775804995486006,3.9465000000000003,0.6235000000000004,0.18763165814023486,3.9611,0.6381000000000001,0.1920252783629251,3.2868,-0.03620000000000001,-0.010893770689136325,4.0001,0.6770999999999998,0.2037616611495636
38,3.093,3.0730000000000004,-0.019999999999999574,-0.006466214031684311,3.1321000000000003,0.03910000000000036,0.012641448431943213,2.61777,-0.4752299999999998,-0.15364694471386997,2.37535,-0.7176499999999999,-0.2320239249919172,3.7634999999999996,0.6704999999999997,0.21677982541222104,3.0859999999999994,-0.007000000000000561,-0.0022631749110897386,3.778599999999999,0.6855999999999991,0.22166181700614263,2.97163,-0.12136999999999976,-0.039240219851277,3.7386999999999997,0.6456999999999997,0.20876172001293233,3.7706,0.6776,0.21907533139346913,3.0489,-0.044099999999999806,-0.014258001939864148,3.7852999999999994,0.6922999999999995,0.22382799870675701
39,3.101,3.0760000000000005,-0.024999999999999467,-0.008061915511125272,3.1304,0.02939999999999987,0.00948081264108348,2.64187,-0.45913000000000004,-0.148058690744921,2.38665,-0.71435,-0.23036117381489843,3.7830000000000004,0.6820000000000004,0.21992905514350222,3.0896999999999997,-0.01130000000000031,-0.0036439858110288003,3.7918000000000003,0.6908000000000003,0.22276684940341834,2.98163,-0.11936999999999998,-0.03849403418252176,3.7540999999999993,0.6530999999999993,0.2106094808126409,3.7924000000000007,0.6914000000000007,0.2229603353756855,3.0558,-0.04519999999999991,-0.014575943244114771,3.795399999999999,0.694399999999999,0.22392776523702
40,2.959,3.4446000000000003,0.48560000000000025,0.16410949645150397,3.5294,0.5703999999999998,0.1927678269685704,2.7197699999999996,-0.2392300000000005,-0.08084825954714447,2.55765,-0.4013499999999999,-0.13563703954038522,4.1819,1.2228999999999997,0.41328151402500835,3.4596999999999998,0.5006999999999997,0.1692125718148022,4.208600000000001,1.2496000000000005,0.4223048327137548,3.2659300000000004,0.30693000000000037,0.10372761067928367,4.1555,1.1965,0.4043595809395065,4.191599999999999,1.2325999999999993,0.4165596485299085,3.39,0.43100000000000005,0.14565731666103415,4.216899999999999,1.257899999999999,0.4251098344035143
41,3.153,3.3475,0.19450000000000012,0.06168728195369493,3.4247000000000005,0.2717000000000005,0.08617189977798938,2.7194700000000003,-0.43352999999999975,-0.1374976213130351,2.44075,-0.71225,-0.22589597209007295,4.199699999999999,1.046699999999999,0.3319695528068503,3.3633999999999995,0.21039999999999948,0.06673009831906104,4.1828,1.0298000000000003,0.32660957817951164,3.1977300000000004,0.04473000000000038,0.014186489058040083,4.1426,0.9895999999999998,0.313859816048208,4.210100000000001,1.0571000000000006,0.33526799873136715,3.3044,0.15139999999999976,0.04801776086267039,4.189399999999999,1.036399999999999,0.3287028227085313
42,3.193,3.383,0.18999999999999995,0.05950516755402441,3.4617000000000004,0.2687000000000004,0.08415283432508625,2.7151699999999996,-0.4778300000000004,-0.14964923269652378,2.49485,-0.69815,-0.21865017225180083,4.1758,0.9827999999999997,0.30779830880050096,3.3972999999999995,0.20429999999999948,0.06398371437519558,4.1866,0.9936000000000003,0.31118070779830886,3.2183300000000004,0.025330000000000297,0.007932978390228718,4.1373,0.9442999999999997,0.2957406827435013,4.1850000000000005,0.9920000000000004,0.3106796116504856,3.3328,0.13980000000000015,0.04378327591606644,4.194699999999999,1.0016999999999991,0.3137175070466643
43,1.466,2.1225,0.6565000000000001,0.4478171896316508,2.1837,0.7177,0.48956343792633017,1.84147,0.37546999999999997,0.256118690313779,1.10818,-0.35782,-0.24407912687585268,3.7303000000000006,2.2643000000000004,1.5445429740791272,2.1460999999999997,0.6800999999999997,0.4639154160982263,3.510299999999999,2.044299999999999,1.3944747612551152,2.1135300000000004,0.6475300000000004,0.44169849931787203,3.5143000000000004,2.0483000000000002,1.3972032742155527,3.7493,2.2832999999999997,1.5575034106412005,2.1461,0.6801000000000001,0.46391541609822656,3.508799999999999,2.042799999999999,1.3934515688949516
44,3.375,3.5926,0.21760000000000002,0.06447407407407407,3.6704,0.2953999999999999,0.0875259259259259,2.9403699999999997,-0.4346300000000003,-0.12877925925925934,2.69875,-0.67625,-0.20037037037037037,4.414699999999999,1.039699999999999,0.308059259259259,3.6063,0.23130000000000006,0.06853333333333335,4.4216,1.0465999999999998,0.3101037037037036,3.43503,0.060029999999999806,0.01778666666666661,4.373799999999999,0.9987999999999992,0.2959407407407405,4.4239,1.0488999999999997,0.3107851851851851,3.5464999999999995,0.17149999999999954,0.05081481481481468,4.4306,1.0556,0.3127703703703704
45,3.443,3.7344,0.2913999999999999,0.0846354923032239,3.8211000000000004,0.3781000000000003,0.10981702004066231,3.0909700000000004,-0.3520299999999996,-0.10224513505663654,2.64365,-0.79935,-0.2321667150740633,4.938999999999999,1.495999999999999,0.43450479233226813,3.7542999999999997,0.3112999999999997,0.0904153354632587,4.864599999999999,1.4215999999999993,0.41289573046761524,3.5959300000000005,0.15293000000000045,0.044417659018298125,4.829000000000001,1.3860000000000006,0.40255591054313117,4.9526,1.5096000000000003,0.4384548358989254,3.7011,0.2580999999999998,0.07496369445251228,4.8706,1.4275999999999995,0.4146383967470228
46,2.531,2.4149000000000003,-0.11609999999999987,-0.04587119715527454,2.4546,-0.07640000000000002,-0.03018569735282498,2.1236699999999997,-0.4073300000000004,-0.16093638877913882,1.94935,-0.5816500000000002,-0.2298103516396682,2.8904999999999994,0.35949999999999926,0.14203871987356745,2.423,-0.1080000000000001,-0.04267088107467408,2.9063,0.37529999999999974,0.1482813117344922,2.35263,-0.17837000000000014,-0.07047412090082976,2.8779000000000003,0.3469000000000002,0.13706045041485587,2.8966000000000003,0.36560000000000015,0.1444488344527855,2.4009,-0.1301000000000001,-0.0514026076649546,2.9106000000000005,0.3796000000000004,0.14998024496246556
47,3.021,3.3485000000000005,0.32750000000000057,0.10840781198278734,3.4256,0.4046000000000003,0.13392916252896403,2.7167700000000004,-0.30422999999999956,-0.10070506454816272,2.45015,-0.5708500000000001,-0.18896060906984447,4.1948,1.1738,0.38854683879510094,3.3636999999999997,0.3426999999999998,0.1134392585236676,4.183299999999999,1.1622999999999992,0.38474015226746083,3.19743,0.1764300000000003,0.05840119165839137,4.142099999999999,1.1210999999999993,0.37110228401191636,4.2059999999999995,1.1849999999999996,0.39225422045680225,3.3053000000000003,0.28430000000000044,0.09410791128765325,4.190899999999999,1.1698999999999993,0.38725587553790114
48,2.664,2.7895000000000003,0.12550000000000017,0.04710960960960967,2.8514,0.1873999999999998,0.07034534534534526,2.26167,-0.4023300000000001,-0.1510247747747748,2.09875,-0.5652500000000003,-0.21218093093093102,3.3867000000000003,0.7227000000000001,0.2712837837837838,2.8008999999999995,0.13689999999999936,0.051388888888888644,3.395999999999999,0.7319999999999989,0.27477477477477436,2.65993,-0.004070000000000018,-0.0015277777777777844,3.359399999999999,0.6953999999999989,0.2610360360360356,3.3945000000000007,0.7305000000000006,0.27421171171171194,2.7497000000000003,0.08570000000000011,0.03216966966966971,3.402099999999999,0.7380999999999989,0.27706456456456413
49,2.487,2.7843,0.2972999999999999,0.11954161640530755,2.8478000000000003,0.36080000000000023,0.14507438681141946,2.22347,-0.26353000000000026,-0.10596300763972669,2.08665,-0.40035,-0.16097708082026538,3.3532,0.8662000000000001,0.34829111379171696,2.7953,0.3083,0.12396461600321673,3.3763000000000005,0.8893000000000004,0.35757941294732626,2.64353,0.15653000000000006,0.06293928427824691,3.3347999999999995,0.8477999999999994,0.3408926417370323,3.3606,0.8735999999999997,0.35126658624849205,2.7388,0.2517999999999998,0.10124648170486522,3.3834,0.8963999999999999,0.3604342581423401
50,1.644,2.2911,0.6471000000000002,0.39361313868613157,2.3478000000000003,0.7038000000000004,0.42810218978102216,1.91777,0.27377000000000007,0.1665267639902677,1.40579,-0.2382099999999998,-0.14489659367396582,3.4455999999999998,1.8015999999999999,1.0958637469586374,2.3091999999999997,0.6651999999999998,0.4046228710462286,3.350999999999999,1.7069999999999992,1.0383211678832112,2.24793,0.6039300000000003,0.36735401459854033,3.3362999999999996,1.6922999999999997,1.0293795620437955,3.4574,1.8134,1.1030413625304136,2.297,0.6530000000000002,0.3972019464720196,3.3542000000000005,1.7102000000000006,1.040267639902677
51,3.614,3.6581,0.04410000000000025,0.012202545655783135,3.7287,0.11470000000000002,0.03173768677365801,3.1150700000000002,-0.49892999999999965,-0.13805478693967893,2.79305,-0.8209499999999998,-0.22715827338129493,4.604399999999999,0.9903999999999993,0.2740453790813501,3.6746999999999996,0.060699999999999754,0.016795794133923563,4.599600000000001,0.9856000000000007,0.27271721084670747,3.5425299999999997,-0.07147000000000014,-0.019775871610404026,4.5535,0.9394999999999998,0.25996126175982287,4.6129,0.9988999999999999,0.2763973436635307,3.6340999999999997,0.020099999999999785,0.005561704482567733,4.608599999999999,0.9945999999999993,0.2752075262866628
52,3.736,3.8420000000000005,0.10600000000000032,0.028372591006424065,3.9187000000000003,0.18270000000000008,0.048902569593147774,3.25077,-0.48523000000000005,-0.12987955032119916,2.95645,-0.7795500000000004,-0.20865899357601722,4.7360999999999995,1.0000999999999993,0.2676927194860812,3.8561999999999994,0.1201999999999992,0.03217344753747302,4.749599999999999,1.013599999999999,0.2713062098501068,3.7092300000000002,-0.02676999999999996,-0.007165417558886499,4.6987000000000005,0.9627000000000003,0.2576820128479658,4.7456,1.0095999999999994,0.2702355460385437,3.8097,0.07369999999999965,0.019726980728051298,4.7585999999999995,1.0225999999999993,0.273715203426124
53,3.296,3.4283,0.1323000000000003,0.040139563106796214,3.4940000000000007,0.19800000000000084,0.06007281553398084,2.97797,-0.3180299999999998,-0.09648968446601937,2.52815,-0.7678499999999997,-0.23296419902912613,4.525999999999999,1.229999999999999,0.3731796116504852,3.4459999999999997,0.1499999999999999,0.04550970873786405,4.4786,1.1826000000000003,0.3587985436893205,3.3544300000000002,0.058430000000000426,0.01772754854368945,4.4475,1.1515,0.3493628640776699,4.538499999999999,1.2424999999999993,0.3769720873786406,3.4212000000000002,0.12520000000000042,0.037985436893204015,4.4826,1.1865999999999999,0.36001213592233006
54,3.101,3.2090000000000005,0.10800000000000054,0.03482747500806209,3.2691,0.16809999999999992,0.05420831989680745,2.7120699999999998,-0.3889300000000002,-0.12542083198968082,2.49605,-0.6049500000000001,-0.19508223153821352,3.8664999999999994,0.7654999999999994,0.2468558529506609,3.2196,0.11859999999999982,0.038245727184779046,3.894,0.7930000000000001,0.2557239600128991,3.0928299999999997,-0.008170000000000233,-0.00263463398903587,3.8496000000000006,0.7486000000000006,0.24140599806514046,3.873899999999999,0.772899999999999,0.24924217994195388,3.1774,0.07640000000000002,0.024637213801999364,3.900499999999999,0.7994999999999992,0.25782005804579144
55,3.34,3.5314000000000005,0.19140000000000068,0.05730538922155709,3.5962000000000005,0.25620000000000065,0.0767065868263475,3.10487,-0.23512999999999984,-0.07039820359281433,2.64075,-0.6992499999999997,-0.2093562874251496,4.6399,1.2999,0.3891916167664671,3.5495,0.20950000000000024,0.06272455089820367,4.586599999999999,1.246599999999999,0.3732335329341315,3.4640299999999997,0.12402999999999986,0.03713473053892211,4.5525,1.2125000000000004,0.3630239520958085,4.6518,1.3117999999999999,0.39275449101796406,3.5284,0.18840000000000012,0.05640718562874256,4.592599999999999,1.2525999999999993,0.37502994011976026
56,3.018,2.9337999999999997,-0.08420000000000005,-0.027899271040424143,2.9929000000000006,-0.025099999999999234,-0.008316766070244942,2.47067,-0.5473299999999997,-0.18135520212060957,2.24905,-0.7689499999999998,-0.25478793903247177,3.6015000000000006,0.5835000000000008,0.19333996023856886,2.9459999999999997,-0.07200000000000006,-0.023856858846918513,3.6195000000000004,0.6015000000000006,0.19930417495029842,2.82553,-0.1924699999999997,-0.06377402253147771,3.5778999999999996,0.5598999999999998,0.1855202120609675,3.6080000000000005,0.5900000000000007,0.19549370444002676,2.9059000000000004,-0.11209999999999942,-0.03714380384360485,3.6251999999999995,0.6071999999999997,0.20119284294234585
57,4.33,4.1402,-0.18979999999999997,-0.043833718244803685,4.2153,-0.11470000000000002,-0.026489607390300235,3.46737,-0.8626300000000002,-0.19922170900692845,3.37975,-0.95025,-0.21945727482678984,4.6628,0.33279999999999976,0.07685912240184752,4.1505,-0.1795,-0.041454965357967666,4.7446,0.4146000000000001,0.09575057736720556,3.95903,-0.37097000000000024,-0.08567436489607395,4.6814,0.35139999999999993,0.08115473441108544,4.6677,0.3376999999999999,0.07799076212471129,4.079599999999999,-0.25040000000000084,-0.05782909930715955,4.7536000000000005,0.4236000000000004,0.09782909930715945
58,3.619,4.3660000000000005,0.7470000000000003,0.2064106106659299,4.4619,0.8428999999999998,0.23290964354794133,3.52107,-0.0979300000000003,-0.027059961315280545,3.2129499999999998,-0.40605000000000047,-0.11219950262503466,5.393199999999999,1.7741999999999991,0.4902459242884772,4.385,0.7659999999999996,0.211660679745786,5.3995999999999995,1.7805999999999993,0.49201436861011305,4.174729999999999,0.5557299999999992,0.15355899419729183,5.3416999999999994,1.7226999999999992,0.47601547388781407,5.4039,1.7849,0.4932025421387123,4.312799999999999,0.6937999999999991,0.19171041724233187,5.409599999999999,1.790599999999999,0.49477756286266894
59,3.555,3.8043000000000005,0.2493000000000003,0.07012658227848109,3.8757,0.3207,0.09021097046413501,3.2701700000000002,-0.2848299999999999,-0.08012095639943738,2.86125,-0.6937500000000001,-0.19514767932489452,4.818499999999999,1.2634999999999992,0.3554149085794653,3.8222999999999994,0.2672999999999992,0.07518987341772129,4.8065999999999995,1.2515999999999994,0.35206751054852303,3.7050300000000003,0.1500300000000001,0.04220253164556965,4.7639,1.2088999999999994,0.34005625879043583,4.827299999999999,1.272299999999999,0.3578902953586495,3.7883,0.23329999999999984,0.06562587904360051,4.8146,1.2596000000000003,0.3543178621659635
60,3.337,3.5149,0.17789999999999973,0.0533113575067425,3.5934,0.25639999999999974,0.07683548097093189,2.8451700000000004,-0.49182999999999977,-0.147386874438118,2.60055,-0.73645,-0.22069223853760864,4.3297,0.9926999999999997,0.2974827689541503,3.5259,0.18889999999999985,0.05660773149535506,4.3345,0.9975,0.2989211866946359,3.35033,0.013329999999999842,0.003994605933473132,4.2875,0.9504999999999995,0.2848366796523822,4.3367,0.9997000000000003,0.29958046149235845,3.4675999999999996,0.13059999999999938,0.039136949355708536,4.3436,1.0066000000000002,0.3016481869943063
61,4.995,4.8059,-0.18909999999999982,-0.03785785785785782,4.8951,-0.09989999999999988,-0.019999999999999976,4.03427,-0.9607299999999999,-0.1923383383383383,3.83925,-1.1557500000000003,-0.23138138138138142,5.595199999999999,0.6001999999999992,0.12016016016016,4.8213,-0.1737000000000002,-0.03477477477477481,5.6576,0.6626000000000003,0.13265265265265272,4.61043,-0.3845700000000001,-0.076990990990991,5.588699999999999,0.5936999999999992,0.1188588588588587,5.6029,0.6078999999999999,0.12170170170170168,4.7463,-0.24870000000000037,-0.04978978978978986,5.6706,0.6756000000000002,0.13525525525525528
62,3.039,3.1197,0.08069999999999977,0.026554787759131216,3.1763000000000003,0.1373000000000002,0.04517933530766706,2.67847,-0.36053000000000024,-0.11863441921684773,2.42015,-0.6188500000000001,-0.20363606449489968,3.848399999999999,0.8093999999999988,0.2663376110562681,3.1323,0.09329999999999972,0.03070088845014798,3.8568,0.8177999999999996,0.2691016781836129,3.02773,-0.011270000000000113,-0.0037084567291872698,3.818199999999999,0.779199999999999,0.25640013162224384,3.8530999999999995,0.8140999999999994,0.2678841724251396,3.0988,0.059800000000000075,0.01967752550180983,3.8633000000000006,0.8243000000000005,0.2712405396512012
63,3.671,3.7144000000000004,0.04340000000000055,0.01182239171887784,3.7858,0.11480000000000024,0.03127213293380557,3.17237,-0.4986299999999999,-0.13582947425769543,2.85515,-0.8158499999999997,-0.2222418959411604,4.6474,0.9764000000000004,0.26597657314083367,3.7302,0.05920000000000014,0.016126396077363155,4.646599999999999,0.9755999999999996,0.2657586488695177,3.60103,-0.06996999999999964,-0.01906020157995087,4.600899999999999,0.9298999999999995,0.2533097248706073,4.6564,0.9853999999999998,0.26842822119313536,3.6912999999999996,0.020299999999999763,0.005529828384636275,4.656599999999999,0.9855999999999994,0.26848270226096416
64,3.102,3.0769,-0.025099999999999678,-0.008091553836234585,3.1313000000000004,0.029300000000000548,0.009445519019987282,2.65177,-0.4502299999999999,-0.14514184397163118,2.42045,-0.6815499999999997,-0.2197130883301095,3.7685000000000004,0.6665000000000005,0.21486137975499695,3.0881,-0.013900000000000023,-0.004480980012894914,3.7821999999999996,0.6801999999999997,0.21927788523533195,2.9853300000000003,-0.11666999999999961,-0.037611218568665256,3.7424,0.6404000000000001,0.20644745325596392,3.7750000000000004,0.6730000000000005,0.2169568020631852,3.0562,-0.04579999999999984,-0.014764667956157267,3.789299999999999,0.6872999999999991,0.22156673114119896
65,4.854,4.6856,-0.1684000000000001,-0.034693036670787,4.774500000000001,-0.07949999999999946,-0.01637824474660063,3.9982699999999998,-0.8557300000000003,-0.17629377832715293,3.6083499999999997,-1.2456500000000004,-0.25662340337865686,5.842199999999999,0.9881999999999991,0.20358467243510486,4.7054,-0.14860000000000007,-0.030613926658426053,5.8316,0.9775999999999998,0.20140090646889158,4.53813,-0.3158700000000003,-0.06507416563658844,5.7757000000000005,0.9217000000000004,0.18988463123197372,5.854900000000001,1.0009000000000006,0.20620107128141751,4.6507000000000005,-0.2032999999999996,-0.041882983106716024,5.8406,0.9866000000000001,0.20325504738360117
66,5.496,5.6773,0.18129999999999935,0.0329876273653565,5.7777,0.28169999999999984,0.05125545851528381,4.84047,-0.6555300000000006,-0.11927401746724901,4.50105,-0.9949500000000002,-0.18103165938864632,6.711199999999999,1.2151999999999985,0.22110625909752518,5.6968,0.2007999999999992,0.03653566229985429,6.7646,1.2685999999999993,0.2308224163027655,5.48653,-0.009470000000000312,-0.0017230713245997653,6.694699999999999,1.1986999999999988,0.2181040756914117,6.7269000000000005,1.2309,0.22396288209606988,5.6259,0.12989999999999924,0.02363537117903916,6.775599999999999,1.2795999999999985,0.23282387190684106
67,5.188,4.8877,-0.3003,-0.05788357748650733,4.978000000000001,-0.20999999999999908,-0.04047802621434061,4.10227,-1.0857299999999999,-0.20927717810331534,3.94145,-1.2465499999999996,-0.24027563608326902,5.6262,0.43820000000000014,0.08446414803392448,4.9014,-0.28659999999999997,-0.05524286815728604,5.7066,0.5186000000000002,0.09996144949884353,4.68373,-0.50427,-0.09719930609097918,5.6327,0.4447000000000001,0.0857170393215112,5.633900000000001,0.44590000000000085,0.08594834232845044,4.823499999999999,-0.3645000000000005,-0.07025828835774875,5.7186,0.5306000000000006,0.10227447956823452
68,5.496,5.3782000000000005,-0.1177999999999999,-0.02143377001455602,5.463500000000001,-0.03249999999999975,-0.005913391557496315,4.68817,-0.80783,-0.14698508005822417,4.3770500000000006,-1.11895,-0.20359352256186314,6.2612,0.7651999999999992,0.1392285298398834,5.3948,-0.1012000000000004,-0.018413391557496432,6.3316,0.8355999999999995,0.15203784570596787,5.22303,-0.2729700000000008,-0.04966703056768573,6.2637,0.7676999999999996,0.13968340611353702,6.2689,0.7728999999999999,0.1406295487627365,5.339700000000001,-0.15629999999999988,-0.028438864628820937,6.342599999999999,0.8465999999999987,0.15403930131004342
69,4.887,4.7565,-0.13049999999999962,-0.026703499079189612,4.848800000000001,-0.0381999999999989,-0.007816656435440742,3.9503700000000004,-0.9366299999999992,-0.19165745856353575,3.81155,-1.0754499999999996,-0.22006343359934513,5.467199999999999,0.5801999999999996,0.11872314303253523,4.77,-0.11699999999999999,-0.02394106813996317,5.5526,0.6656000000000004,0.13619807652956833,4.54533,-0.3416699999999997,-0.0699140577041129,5.479699999999999,0.5926999999999998,0.12128094945774501,5.475899999999999,0.5888999999999998,0.12050337630448124,4.689299999999999,-0.1977000000000002,-0.040454266421117296,5.5646,0.6776000000000009,0.1386535706977698
70,4.934,4.5241,-0.4099000000000004,-0.08307661126874755,4.6208,-0.31320000000000014,-0.06347790839075804,3.67697,-1.2570300000000003,-0.2547689501418728,3.56295,-1.3710500000000003,-0.2778779894608837,5.2052000000000005,0.27120000000000033,0.05496554519659512,4.5375,-0.3965000000000005,-0.0803607620591813,5.2896,0.3555999999999999,0.07207134171057963,4.29733,-0.6366700000000005,-0.1290372922578031,5.2157,0.28169999999999984,0.057093635995135755,5.212899999999999,0.27889999999999926,0.05652614511552478,4.448499999999999,-0.48550000000000093,-0.09839886501824097,5.3026,0.3685999999999998,0.07470612079448719
71,5.681,5.4109,-0.27010000000000023,-0.04754444640028168,5.4935,-0.1875,-0.03300475268438655,4.8325700000000005,-0.8484299999999996,-0.14934518570674168,4.34595,-1.3350499999999998,-0.23500264038021473,6.6941999999999995,1.0131999999999994,0.17834888223904233,5.4319999999999995,-0.24900000000000055,-0.043830311564865436,6.679599999999999,0.9985999999999988,0.17577891216335131,5.30603,-0.37497000000000025,-0.06600422460834364,6.6236999999999995,0.9426999999999994,0.16593909522971298,6.709899999999999,1.0288999999999993,0.18111248019714826,5.3972999999999995,-0.2837000000000005,-0.049938391128322566,6.688599999999999,1.0075999999999992,0.17736314029220193
72,3.141,3.3602,0.21919999999999984,0.06978669213626229,3.4306,0.2896000000000001,0.09219993632601085,2.79427,-0.34673,-0.11038841133397007,2.49515,-0.6458499999999998,-0.2056192295447309,4.283,1.1420000000000003,0.36357847819165884,3.3761,0.2351000000000001,0.0748487742757084,4.2669,1.1258999999999997,0.35845272206303713,3.2422299999999997,0.10122999999999971,0.03222858962113967,4.2264,1.0854,0.3455587392550143,4.2958,1.1547999999999998,0.36765361349888565,3.3318,0.19079999999999986,0.06074498567335239,4.273299999999999,1.132299999999999,0.3604902897166504
73,5.304,5.0376,-0.26639999999999997,-0.0502262443438914,5.1191,-0.18489999999999984,-0.03486048265460027,4.41397,-0.8900300000000003,-0.167803544494721,4.07705,-1.2269500000000004,-0.2313254147812972,5.9712000000000005,0.6672000000000002,0.12579185520361993,5.054399999999999,-0.24960000000000093,-0.04705882352941194,6.0166,0.7126000000000001,0.13435143288084467,4.89873,-0.4052700000000007,-0.07640837104072411,5.954700000000001,0.6507000000000005,0.12268099547511321,5.979900000000001,0.6759000000000004,0.12743212669683265,5.0047999999999995,-0.2992000000000008,-0.05641025641025656,6.0266,0.7225999999999999,0.136236802413273
74,4.871,4.5472,-0.3238000000000003,-0.06647505645657982,4.6292,-0.24180000000000046,-0.04964073085608713,3.85717,-1.0138300000000005,-0.208135906384726,3.6567499999999997,-1.2142500000000007,-0.24928146171217422,5.3402,0.46919999999999984,0.0963251898994046,4.5615,-0.3095000000000008,-0.06353931430917692,5.371599999999999,0.5005999999999986,0.10277150482447106,4.37433,-0.49667000000000083,-0.10196468897556986,5.3147,0.44369999999999976,0.09109012523095868,5.3499,0.47889999999999944,0.09831656743995061,4.494199999999999,-0.37680000000000113,-0.07735577910080088,5.381600000000001,0.5106000000000002,0.10482447136111683
75,0.518,0.6494,0.13139999999999996,0.0,0.6698999999999999,0.15189999999999992,0.0,0.4788439,-0.03915610000000003,0.0,0.41901000000000005,-0.09898999999999997,0.0,0.8475999999999999,0.3295999999999999,0.0,0.6529999999999998,0.1349999999999998,0.0,0.8544999999999998,0.3364999999999998,0.0,0.6043300000000001,0.08633000000000013,0.0,0.8414000000000001,0.32340000000000013,0.0,0.8498999999999999,0.33189999999999986,0.0,0.6343999999999999,0.11639999999999984,0.0,0.8555999999999999,0.3375999999999999,0.0
76,1.012,1.2459000000000002,0.23390000000000022,0.23112648221343896,1.2836,0.27160000000000006,0.26837944664031627,0.91645,-0.09555000000000002,-0.09441699604743085,0.7965570000000001,-0.21544299999999994,-0.21288833992094855,1.6468999999999996,0.6348999999999996,0.6273715415019758,1.2507,0.2386999999999999,0.23586956521739122,1.6558000000000002,0.6438000000000001,0.6361660079051384,1.16343,0.15142999999999995,0.1496343873517786,1.6288,0.6168,0.6094861660079052,1.654,0.6419999999999999,0.634387351778656,1.2199,0.20789999999999997,0.20543478260869563,1.6647999999999996,0.6527999999999996,0.645059288537549
77,2.98,2.9604999999999997,-0.019500000000000295,-0.006543624161073925,3.0148,0.034800000000000164,0.011677852348993344,2.5318699999999996,-0.44813000000000036,-0.1503791946308726,2.2851500000000002,-0.6948499999999997,-0.23317114093959723,3.656999999999999,0.6769999999999992,0.227181208053691,2.9700999999999995,-0.009900000000000464,-0.003322147651006867,3.6618999999999993,0.6818999999999993,0.22882550335570445,2.8666300000000002,-0.11336999999999975,-0.03804362416107374,3.6247000000000007,0.6447000000000007,0.21634228187919488,3.6648999999999994,0.6848999999999994,0.22983221476510046,2.9364000000000003,-0.04359999999999964,-0.014630872483221355,3.6698000000000004,0.6898000000000004,0.23147651006711423
78,3.083,3.0069999999999997,-0.07600000000000051,-0.024651313655530492,3.0644,-0.018600000000000172,-0.006033084657800899,2.5883700000000003,-0.4946299999999999,-0.16043788517677582,2.33295,-0.7500500000000003,-0.24328576062277013,3.7100999999999997,0.6270999999999995,0.20340577359714548,3.0203999999999995,-0.06260000000000066,-0.020304897826792297,3.7157,0.6326999999999998,0.2052221861822899,2.91643,-0.1665700000000001,-0.054028543626338014,3.678699999999999,0.595699999999999,0.1932208887447288,3.716799999999999,0.633799999999999,0.20557898151151444,2.9869999999999997,-0.09600000000000053,-0.031138501459617426,3.7220999999999993,0.6390999999999991,0.2072980862795975
79,3.129,3.1346,0.005599999999999827,0.0017897091722594526,3.1925,0.06349999999999989,0.020294023649728314,2.6870700000000003,-0.4419299999999997,-0.14123681687440068,2.43795,-0.6910500000000002,-0.2208533077660595,3.8363000000000005,0.7073000000000005,0.22604666027484835,3.1473999999999993,0.018399999999999306,0.005880472994566732,3.8499999999999996,0.7209999999999996,0.23042505592841153,3.03623,-0.0927699999999998,-0.02964844998402039,3.8107000000000006,0.6817000000000006,0.2178651326302335,3.843,0.714,0.22818791946308722,3.113,-0.016000000000000014,-0.0051134547778843124,3.859,0.73,0.23330137424097155
80,3.031,3.0957,0.06469999999999976,0.021346090399208102,3.1513,0.12029999999999985,0.039689871329594145,2.66087,-0.37013000000000007,-0.12211481359287366,2.42925,-0.60175,-0.1985318376773342,3.7924999999999995,0.7614999999999994,0.25123721544044847,3.1083,0.0772999999999997,0.025503134279115703,3.8069000000000006,0.7759000000000005,0.25598812273177185,3.00163,-0.029370000000000118,-0.009689871329594231,3.7669999999999995,0.7359999999999993,0.24282415044539732,3.8003,0.7692999999999999,0.25381062355658196,3.0746999999999995,0.043699999999999406,0.014417683932695283,3.8131000000000004,0.7821000000000002,0.25803365225998026
81,3.043,3.5241,0.48109999999999964,0.15810055865921774,3.6027000000000005,0.5597000000000003,0.18393033190930014,2.80687,-0.23613000000000017,-0.07759776536312854,2.64435,-0.39864999999999995,-0.13100558659217876,4.2658,1.2227999999999994,0.40184028918830084,3.5356999999999994,0.49269999999999925,0.16191258626355545,4.2956,1.2526000000000002,0.4116332566546172,3.3486300000000004,0.3056300000000003,0.10043706868222159,4.243399999999999,1.2003999999999992,0.3944791324350967,4.2774,1.2344,0.4056523167926388,3.4709999999999996,0.4279999999999995,0.14065067367729198,4.3062000000000005,1.2632000000000003,0.4151166611896156
82,3.643,4.0026,0.35960000000000036,0.0987098545155093,4.234,0.5910000000000002,0.16222893219873738,3.58857,-0.05442999999999998,-0.014940982706560522,3.20435,-0.43865,-0.12040900356848751,4.1961,0.5531000000000006,0.15182541861103505,4.0156,0.37260000000000026,0.10227834202580299,4.1836,0.5406000000000004,0.14839418062036794,3.8619300000000005,0.21893000000000074,0.06009607466373888,4.141500000000001,0.49850000000000083,0.1368377710678015,4.2048000000000005,0.5618000000000007,0.15421356025253932,3.9702999999999995,0.3272999999999997,0.0898435355476255,4.190999999999999,0.5479999999999992,0.15042547351084248
83,3.436,4.0252,0.5892,0.17147846332945285,4.1221000000000005,0.6861000000000006,0.1996798603026777,3.19257,-0.24343000000000004,-0.07084691501746218,2.91695,-0.51905,-0.15106228172293365,5.011399999999999,1.5753999999999992,0.4584982537834689,4.045,0.609,0.17724097788125728,5.0085999999999995,1.5725999999999996,0.4576833527357391,3.8234300000000006,0.3874300000000006,0.11275611175785816,4.954700000000001,1.5187000000000008,0.44199650756693853,5.023899999999999,1.5878999999999994,0.4621362048894061,3.9624,0.5264000000000002,0.15320139697322474,5.0166,1.5806000000000004,0.4600116414435391
84,3.915,4.3957,0.4806999999999997,0.12278416347381857,4.4839,0.5689000000000002,0.1453128991060026,3.72677,-0.1882299999999999,-0.04807918263090674,3.25485,-0.6601500000000002,-0.16862068965517246,5.605199999999999,1.690199999999999,0.43172413793103426,4.4162,0.5011999999999999,0.12802043422733075,5.5676000000000005,1.6526000000000005,0.42212005108556844,4.26173,0.34673,0.08856449553001276,5.524699999999999,1.6096999999999992,0.4111621966794379,4.9529,1.0378999999999996,0.2651085568326947,4.3683,0.4532999999999996,0.11578544061302672,5.5746,1.6596000000000002,0.42390804597701154
85,4.501,4.1729,-0.32810000000000006,-0.07289491224172406,4.2386,-0.2624000000000004,-0.058298155965341124,3.75277,-0.7482300000000004,-0.16623639191290832,3.29055,-1.2104500000000002,-0.26892912686069764,5.2982000000000005,0.7972000000000001,0.17711619640079984,4.1913,-0.3097000000000003,-0.06880693179293497,5.2676,0.7665999999999995,0.17031770717618294,4.10323,-0.3977700000000004,-0.08837369473450353,5.2257,0.7246999999999995,0.16100866474116848,5.309900000000001,0.8089000000000004,0.17971561875138867,4.1693999999999996,-0.3316000000000008,-0.07367251721839609,5.275599999999999,0.7745999999999986,0.1720950899800041
86,3.977,3.9993,0.022299999999999986,0.005607241639426701,4.0768,0.09980000000000055,0.02509429218003534,3.29277,-0.6842299999999999,-0.17204676892129744,3.2331499999999997,-0.7438500000000001,-0.18703796831782754,4.4883999999999995,0.5113999999999996,0.1285893889866733,4.0099,0.03290000000000015,0.00827256726175513,4.579599999999999,0.6025999999999994,0.15152124717123444,3.8070300000000006,-0.1699699999999993,-0.0427382449082221,4.515700000000001,0.5387000000000008,0.1354538596932363,4.494,0.5169999999999999,0.12999748554186571,3.9343,-0.04269999999999996,-0.010736736233341706,4.5906,0.6136000000000004,0.15428715111893396
87,5.306,4.946,-0.3600000000000003,-0.0678477195627592,5.0253000000000005,-0.2806999999999995,-0.052902374670184604,4.33777,-0.9682300000000001,-0.18247832642291748,3.99735,-1.30865,-0.2466358839050132,5.893199999999999,0.5871999999999993,0.110667169242367,4.9626,-0.3433999999999999,-0.06471918582736523,5.9236,0.6176000000000004,0.11639653222766685,4.81473,-0.4912700000000001,-0.09258763663776857,5.8687000000000005,0.5627000000000004,0.1060497549943461,5.898899999999999,0.5928999999999993,0.11174142480211069,4.914999999999999,-0.3910000000000009,-0.07369016208066356,5.9336,0.6276000000000002,0.11828119110441013
88,5.219,4.9541,-0.2648999999999999,-0.050756849971258844,5.0314000000000005,-0.18759999999999977,-0.03594558344510438,4.37977,-0.8392300000000006,-0.16080283579229748,4.01245,-1.20655,-0.2311841348917417,5.9281999999999995,0.7091999999999992,0.13588810116880612,4.9716,-0.24740000000000073,-0.04740371718720075,5.9526,0.7336,0.14056332630772178,4.83393,-0.3850700000000007,-0.07378233378041783,5.896699999999999,0.6776999999999989,0.1298524621575012,5.9399,0.7208999999999994,0.1381299099444337,4.9297,-0.2892999999999999,-0.05543207511017434,5.9605999999999995,0.7415999999999991,0.1420961870090054
89,5.197,4.9498,-0.2472000000000003,-0.04756590340581111,5.0324,-0.16460000000000008,-0.03167211852992112,4.29507,-0.9019300000000001,-0.17354820088512604,3.9789499999999998,-1.2180500000000003,-0.23437560130844723,5.8632,0.6661999999999999,0.12818934000384835,4.9672,-0.2298,-0.04421781797190687,5.9186,0.7215999999999996,0.13884933615547423,4.80403,-0.39297000000000004,-0.07561477775639792,5.8537,0.6566999999999998,0.12636136232441791,5.8719,0.6749,0.12986338272080047,4.913499999999999,-0.283500000000001,-0.0545507023282665,5.928599999999999,0.7315999999999994,0.1407735231864536
90,5.25,5.1689,-0.08110000000000017,-0.01544761904761908,5.2765,0.026500000000000412,0.005047619047619126,4.23077,-1.0192300000000003,-0.19413904761904768,4.0127500000000005,-1.2372499999999995,-0.23566666666666658,6.050199999999999,0.8001999999999994,0.1524190476190475,5.1857999999999995,-0.06420000000000048,-0.012228571428571519,6.102599999999999,0.8525999999999989,0.1623999999999998,4.92613,-0.3238700000000003,-0.061689523809523875,6.031700000000001,0.7817000000000007,0.14889523809523825,6.0609,0.8109000000000002,0.1544571428571429,5.0908,-0.15920000000000023,-0.03032380952380957,6.114599999999999,0.8645999999999994,0.16468571428571416
91,5.777,5.9648,0.1878000000000002,0.032508222260688974,6.0784,0.3014000000000001,0.05217240782413019,4.82767,-0.9493299999999998,-0.16432923662800758,4.71805,-1.0589500000000003,-0.18330448329582832,6.7132,0.9361999999999995,0.16205643067335979,5.9883999999999995,0.21139999999999937,0.036593387571403735,6.800599999999999,1.0235999999999992,0.1771853903410073,5.546729999999999,-0.23027000000000086,-0.03985978881772561,6.7157,0.9386999999999999,0.1624891812359356,6.722899999999999,0.9458999999999991,0.16373550285615354,5.8889,0.11189999999999944,0.019369915180889638,6.816599999999999,1.0395999999999992,0.17995499394149198
92,5.772,5.5266,-0.24540000000000006,-0.042515592515592525,5.6345,-0.13750000000000018,-0.023821898821898852,4.595470000000001,-1.1765299999999996,-0.20383402633402625,4.38935,-1.38265,-0.239544352044352,6.4432,0.6711999999999998,0.11628551628551624,5.5432,-0.22880000000000056,-0.039639639639639734,6.5245999999999995,0.7525999999999993,0.13038808038808025,5.28623,-0.4857700000000005,-0.08415973665973674,6.4407,0.6686999999999994,0.11585239085239074,6.453899999999999,0.6818999999999988,0.11813929313929293,5.4519,-0.32010000000000005,-0.05545738045738046,6.538600000000001,0.7666000000000004,0.13281358281358288
93,6.667,5.9852,-0.6818,-0.10226488675566221,6.0841,-0.5828999999999995,-0.08743062846857651,5.236870000000001,-1.4301299999999992,-0.21450877456127182,4.84295,-1.8240499999999997,-0.2735938203089845,7.134199999999999,0.46719999999999917,0.07007649617519111,6.0058,-0.6612,-0.0991750412479376,7.1655999999999995,0.4985999999999997,0.07478626068696562,5.81143,-0.8555700000000002,-0.12832908354582273,7.092700000000001,0.42570000000000086,0.06385180740962965,7.145899999999999,0.47889999999999944,0.07183140842957844,5.940300000000001,-0.7266999999999992,-0.10899955002249877,7.1766000000000005,0.5096000000000007,0.07643617819109055
94,5.641,5.7983,0.15730000000000022,0.027885126750576177,5.8921,0.2511000000000001,0.04451338415174616,4.89307,-0.7479300000000002,-0.13258819358269813,4.79635,-0.8446499999999997,-0.14973408970040766,5.775199999999999,0.134199999999999,0.023790108136854986,5.812399999999999,0.17139999999999933,0.030384683566743367,5.9626,0.3216000000000001,0.05701116823258289,5.57933,-0.061670000000000336,-0.010932458783903623,5.8697,0.2286999999999999,0.040542457011168216,5.7789,0.13790000000000013,0.02444602020918279,5.731,0.08999999999999986,0.015954617975536226,5.9765999999999995,0.33559999999999945,0.05949299769544397
95,7.791,7.5298,-0.26120000000000054,-0.03352586317545893,7.653100000000001,-0.13789999999999925,-0.017699910152740243,6.37457,-1.41643,-0.1818033628545758,6.261150000000001,-1.5298499999999997,-0.19636118598382746,8.336199999999998,0.5451999999999977,0.06997817995122547,7.5476,-0.24340000000000028,-0.03124117571556928,8.5016,0.7105999999999995,0.09120780387626741,7.2276299999999996,-0.5633700000000008,-0.07231035810550646,8.3927,0.6016999999999992,0.07723013733795395,8.344899999999999,0.5538999999999987,0.07109485303555367,7.431800000000001,-0.3591999999999995,-0.04610447952766006,8.5186,0.7275999999999989,0.09338980875369002
