,target,maxR2-0,AbsDiffs-0,RelDiffs-0,maxR2-1,AbsDiffs-1,RelDiffs-1,maxR2-2,AbsDiffs-2,RelDiffs-2,maxR2-3,AbsDiffs-3,RelDiffs-3,maxR2-4,AbsDiffs-4,RelDiffs-4,maxR2-5,AbsDiffs-5,RelDiffs-5,maxR2-6,AbsDiffs-6,RelDiffs-6,maxR2-7,AbsDiffs-7,RelDiffs-7,maxR2-8,AbsDiffs-8,RelDiffs-8,maxR2-9,AbsDiffs-9,RelDiffs-9,maxR2-10,AbsDiffs-10,RelDiffs-10,maxR2-11,AbsDiffs-11,RelDiffs-11
0,0.0,0.0,0.0,0.0,0.0,0.0,0.0,0.0,0.0,0.0,0.0,0.0,0.0,0.0,0.0,0.0,0.0,0.0,0.0,0.0,0.0,0.0,0.0,0.0,0.0,0.0,0.0,0.0,0.0,0.0,0.0,0.0,0.0,0.0,0.0,0.0,0.0
1,0.491,0.40409,-0.08690999999999999,0.0,0.6588,0.16780000000000006,0.0,0.8342999999999998,0.3432999999999998,0.0,0.8422999999999998,0.35129999999999983,0.0,0.8308,0.3398,0.0,0.4612712,-0.0297288,0.0,0.8559000000000001,0.3649000000000001,0.0,0.637,0.14600000000000002,0.0,0.8362000000000007,0.34520000000000073,0.0,0.59143,0.10043000000000002,0.0,0.48756,-0.0034399999999999986,0.0,0.6354999999999997,0.14449999999999974,0.0
2,0.746,0.63104,-0.11495999999999995,0.0,1.0860999999999998,0.34009999999999985,0.0,1.6665,0.9205000000000001,0.0,1.6094,0.8634,0.0,1.6172000000000004,0.8712000000000004,0.0,0.90183,0.15583000000000002,0.0,1.6981000000000002,0.9521000000000002,0.0,1.0593,0.3132999999999999,0.0,1.6307,0.8847,0.0,1.0472300000000003,0.30123000000000033,0.0,0.87297,0.12697000000000003,0.0,1.0573,0.3112999999999999,0.0
3,0.542,0.39402000000000004,-0.14798,0.0,0.6167,0.07469999999999999,0.0,0.8297999999999996,0.2877999999999996,0.0,0.8203999999999994,0.2783999999999993,0.0,0.8151000000000002,0.2731000000000001,0.0,0.472594,-0.06940600000000002,0.0,0.8468999999999998,0.3048999999999997,0.0,0.6009000000000002,0.058900000000000174,0.0,0.8214000000000006,0.27940000000000054,0.0,0.57133,0.029329999999999967,0.0,0.48229,-0.05971000000000004,0.0,0.5961999999999998,0.054199999999999804,0.0
4,1.195,0.931797,-0.2632030000000001,-0.2202535564853557,1.4408999999999998,0.24589999999999979,0.20577405857740566,1.7732999999999999,0.5782999999999998,0.48393305439330525,1.7912,0.5961999999999998,0.49891213389121325,1.7675999999999998,0.5725999999999998,0.4791631799163178,1.03091,-0.16409000000000007,-0.1373138075313808,1.8142000000000005,0.6192000000000004,0.5181589958158999,1.3975,0.2024999999999999,0.1694560669456066,1.7777000000000003,0.5827000000000002,0.48761506276150646,1.30173,0.10672999999999999,0.08931380753138074,1.09412,-0.10088000000000008,-0.08441841004184107,1.3913999999999997,0.19639999999999969,0.16435146443514617
5,1.17,0.929092,-0.2409079999999999,-0.20590427350427343,1.6247,0.4547000000000001,0.38863247863247874,2.4024,1.2324000000000002,1.0533333333333335,2.3427999999999995,1.1727999999999996,1.0023931623931621,2.3433,1.1733000000000002,1.002820512820513,1.26289,0.09289000000000014,0.07939316239316252,2.4551,1.2851,1.0983760683760684,1.5788000000000002,0.4088000000000003,0.34940170940170967,2.3637000000000006,1.1937000000000006,1.020256410256411,1.52753,0.3575300000000001,0.3055811965811967,1.2541099999999998,0.08410999999999991,0.07188888888888881,1.5725,0.4025000000000001,0.3440170940170941
6,1.057,0.7993830000000001,-0.2576169999999999,-0.24372469252601692,1.2784000000000002,0.22140000000000026,0.2094607379375594,1.6586999999999996,0.6016999999999997,0.5692526017029326,1.6571999999999996,0.6001999999999996,0.5678334910122986,1.6413000000000002,0.5843000000000003,0.5527909176915802,0.93138,-0.12561999999999995,-0.11884578997161775,1.6977000000000002,0.6407000000000003,0.6061494796594137,1.2394000000000003,0.18240000000000034,0.17256385998107884,1.6525000000000007,0.5955000000000008,0.5633869441816469,1.16303,0.10603000000000007,0.10031220435193952,0.96989,-0.08710999999999991,-0.0824124881740775,1.2350999999999999,0.17809999999999993,0.16849574266792805
7,1.183,0.9131020000000001,-0.26989799999999997,-0.22814708368554518,1.7933000000000001,0.6103000000000001,0.5158918005071852,3.0088999999999997,1.8258999999999996,1.5434488588334738,2.841899999999999,1.658899999999999,1.4022823330515628,2.8745000000000003,1.6915000000000002,1.429839391377853,1.48257,0.2995699999999999,0.25322907861369387,3.0655,1.8825,1.591293322062553,1.7415000000000003,0.5585000000000002,0.47210481825866457,2.9064000000000005,1.7234000000000005,1.456804733727811,1.72303,0.54003,0.45649196956889265,1.38461,0.20160999999999984,0.17042265426880798,1.7377999999999998,0.5547999999999997,0.46897717666948413
8,1.084,0.784535,-0.2994650000000001,-0.276259225092251,1.2289,0.14490000000000003,0.13367158671586718,1.6547,0.5707,0.5264760147601476,1.6360999999999999,0.5520999999999998,0.5093173431734316,1.6277,0.5436999999999999,0.5015682656826567,0.94372,-0.14028000000000007,-0.12940959409594102,1.6913999999999998,0.6073999999999997,0.5603321033210329,1.1952000000000003,0.11120000000000019,0.10258302583025847,1.6405000000000003,0.5565000000000002,0.5133763837638378,1.13993,0.055930000000000035,0.05159594095940962,0.96127,-0.12273000000000012,-0.11321955719557206,1.1906999999999999,0.1066999999999998,0.09843173431734298
9,1.261,1.03027,-0.23072999999999988,-0.18297383029341785,1.906,0.645,0.5114988104678827,3.051899999999999,1.790899999999999,1.4202220459952413,2.9217999999999993,1.6607999999999994,1.317049960348929,2.9410999999999996,1.6800999999999997,1.332355273592387,1.49577,0.23477000000000015,0.18617763679619362,3.1137999999999995,1.8527999999999996,1.4693100713719267,1.8507000000000002,0.5897000000000003,0.4676447264076133,2.9735000000000005,1.7125000000000006,1.3580491673275183,1.8138300000000003,0.5528300000000004,0.43840602696272835,1.4595099999999999,0.19850999999999996,0.15742268041237112,1.8496,0.5886,0.46677240285487714
10,1.089,0.782923,-0.30607699999999993,-0.2810624426078971,1.2324,0.14339999999999997,0.13168044077134983,1.6582,0.5691999999999999,0.5226813590449954,1.6384999999999996,0.5494999999999997,0.5045913682277315,1.6303999999999998,0.5413999999999999,0.49715335169880615,0.9447099999999999,-0.14429000000000003,-0.13249770431588617,1.6944,0.6053999999999999,0.5559228650137741,1.1985000000000001,0.10950000000000015,0.10055096418732797,1.6424000000000003,0.5534000000000003,0.5081726354453631,1.1414300000000002,0.0524300000000002,0.04814508723599651,0.96264,-0.12635999999999992,-0.1160330578512396,1.1941,0.10509999999999997,0.09651056014692376
11,0.679,0.60612,-0.07288000000000006,0.0,1.0933,0.4142999999999999,0.0,1.6541999999999994,0.9751999999999994,0.0,1.6050999999999993,0.9260999999999993,0.0,1.6103000000000005,0.9313000000000005,0.0,0.86151,0.18250999999999995,0.0,1.6875999999999998,1.0085999999999997,0.0,1.0622000000000003,0.3832000000000002,0.0,1.6240000000000006,0.9450000000000005,0.0,1.0369300000000004,0.3579300000000003,0.0,0.84677,0.16776999999999997,0.0,1.0599999999999998,0.3809999999999998,0.0
12,1.27,1.00957,-0.26042999999999994,-0.2050629921259842,1.6875000000000002,0.4175000000000002,0.3287401574803151,2.4833999999999996,1.2133999999999996,0.9554330708661414,2.412799999999999,1.142799999999999,0.8998425196850385,2.4160000000000004,1.1460000000000004,0.9023622047244098,1.36147,0.09146999999999994,0.07202362204724405,2.5337999999999994,1.2637999999999994,0.99511811023622,1.6428000000000003,0.37280000000000024,0.29354330708661436,2.4385000000000003,1.1685000000000003,0.9200787401574806,1.60393,0.33393000000000006,0.2629370078740158,1.3380100000000001,0.06801000000000013,0.0535511811023623,1.6375999999999997,0.3675999999999997,0.28944881889763757
13,0.929,0.73189,-0.19711,0.0,1.3954000000000002,0.46640000000000015,0.0,2.3221,1.3930999999999998,0.0,2.1978999999999997,1.2688999999999997,0.0,2.2211,1.2920999999999998,0.0,1.16824,0.2392399999999999,0.0,2.3657000000000004,1.4367000000000003,0.0,1.3568000000000002,0.4278000000000002,0.0,2.2463000000000006,1.3173000000000006,0.0,1.3466300000000002,0.41763000000000017,0.0,1.0921699999999999,0.16316999999999982,0.0,1.3555,0.4264999999999999,0.0
14,1.257,0.98637,-0.2706299999999999,-0.21529832935560855,1.6739,0.41690000000000005,0.3316626889419253,2.4631,1.2061,0.9595067621320605,2.3950999999999993,1.1380999999999994,0.9054097056483688,2.3974,1.1404000000000003,0.9072394590294355,1.33384,0.07684000000000002,0.061129673826571224,2.5139999999999993,1.2569999999999995,0.9999999999999997,1.6294,0.37240000000000006,0.29626093874303905,2.4185000000000008,1.1615000000000009,0.9240254574383461,1.5838300000000003,0.3268300000000004,0.26000795544948324,1.3162099999999999,0.059209999999999985,0.04710421638822593,1.6260000000000001,0.3690000000000002,0.2935560859188546
15,1.128,0.8724257,-0.2555742999999999,-0.22657296099290775,1.574,0.4460000000000002,0.395390070921986,2.3659999999999997,1.2379999999999998,1.0975177304964538,2.3020999999999994,1.1740999999999995,1.0408687943262407,2.3039000000000005,1.1759000000000006,1.0424645390070928,1.21499,0.08699000000000012,0.07711879432624125,2.4177,1.2897,1.1433510638297875,1.5281000000000002,0.40010000000000034,0.35469858156028405,2.3245000000000005,1.1965000000000006,1.0607269503546106,1.48143,0.35343000000000013,0.31332446808510656,1.2023100000000002,0.07431000000000032,0.06587765957446838,1.5241999999999998,0.3961999999999999,0.351241134751773
16,1.047,0.804239,-0.2427609999999999,-0.23186341929321863,1.2741,0.22710000000000008,0.2169054441260746,1.6677999999999997,0.6207999999999998,0.5929321872015281,1.6613999999999995,0.6143999999999996,0.5868194842406873,1.6451000000000002,0.5981000000000003,0.5712511938872974,0.94068,-0.10631999999999997,-0.10154727793696273,1.7060000000000004,0.6590000000000005,0.6294173829990454,1.2392000000000003,0.19220000000000037,0.18357211079274152,1.6590000000000007,0.6120000000000008,0.5845272206303732,1.1661300000000003,0.1191300000000004,0.11378223495702044,0.97731,-0.06968999999999992,-0.06656160458452715,1.2337,0.1867000000000001,0.17831900668576897
17,1.37,0.98017,-0.3898300000000001,-0.28454744525547454,1.8616,0.4915999999999998,0.358832116788321,3.0080999999999998,1.6380999999999997,1.195693430656934,2.8711,1.5011,1.0956934306569344,2.891000000000001,1.5210000000000008,1.1102189781021903,1.49597,0.12596999999999992,0.09194890510948898,3.068200000000001,1.6982000000000008,1.239562043795621,1.8059000000000003,0.4359000000000002,0.3181751824817519,2.9231000000000007,1.5531000000000006,1.1336496350364966,1.7708300000000001,0.40083,0.2925766423357664,1.4283100000000002,0.058310000000000084,0.042562043795620494,1.8015999999999999,0.43159999999999976,0.3150364963503648
18,1.368,1.11745,-0.25055000000000005,-0.18315058479532165,1.8465,0.4784999999999999,0.34978070175438586,2.5755,1.2074999999999998,0.882675438596491,2.527799999999999,1.159799999999999,0.8478070175438589,2.5229,1.1548999999999998,0.8442251461988302,1.42652,0.058519999999999905,0.042777777777777706,2.626100000000001,1.2581000000000009,0.919663742690059,1.795,0.4269999999999998,0.31213450292397643,2.5434,1.1754,0.8592105263157894,1.72573,0.3577299999999999,0.2614985380116958,1.43851,0.07050999999999985,0.0515423976608186,1.7882,0.4201999999999999,0.30716374269005836
19,1.181,0.887896,-0.29310400000000003,-0.24818289585097378,1.3789,0.19789999999999996,0.16756985605419134,1.7398999999999996,0.5588999999999995,0.47324301439458044,1.7451999999999996,0.5641999999999996,0.47773073666384386,1.7264,0.5453999999999999,0.4618120237087213,1.00628,-0.17472,-0.14794242167654528,1.7789000000000001,0.5979000000000001,0.5062658763759527,1.3372000000000002,0.15620000000000012,0.13226079593564785,1.7366000000000001,0.5556000000000001,0.4704487722269264,1.2532300000000003,0.07223000000000024,0.06116003386960223,1.0547499999999999,-0.1262500000000002,-0.10690093141405604,1.3326999999999998,0.15169999999999972,0.1284504657070277
20,0.888,0.71314,-0.17486000000000002,0.0,1.3989,0.5109,0.0,2.2984,1.4104,0.0,2.1856999999999998,1.2976999999999999,0.0,2.2045000000000003,1.3165000000000004,0.0,1.13125,0.24325000000000008,0.0,2.3436000000000003,1.4556000000000004,0.0,1.3577,0.4696999999999999,0.0,2.2283,1.3403,0.0,1.33413,0.44613,0.0,1.07028,0.1822799999999999,0.0,1.3558999999999999,0.46789999999999987,0.0
21,2.381,1.9553500000000001,-0.42564999999999964,-0.17876942461150763,2.4897,0.10870000000000024,0.04565308693826134,2.9165,0.5355000000000003,0.22490550188996236,2.941699999999999,0.5606999999999993,0.23548929021419546,2.9143,0.5333000000000001,0.22398152036959268,2.11487,-0.26613,-0.11177236455270895,2.9619999999999997,0.581,0.24401511969760606,2.4474,0.06640000000000024,0.027887442251155078,2.9269000000000007,0.5459000000000009,0.22927341453170977,2.37223,-0.008769999999999722,-0.003683326333473214,2.15801,-0.2229899999999998,-0.09365392692146149,2.4432,0.062200000000000255,0.0261234775304495
22,1.011,0.7540800000000001,-0.2569199999999998,-0.2541246290801185,1.2213,0.21030000000000015,0.20801186943620195,1.6170999999999998,0.6060999999999999,0.599505440158259,1.6129999999999995,0.6019999999999996,0.5954500494559839,1.5967000000000002,0.5857000000000003,0.5793273986152329,0.89426,-0.11673999999999984,-0.11546983184965366,1.6555,0.6445000000000001,0.6374876360039566,1.1862,0.17520000000000002,0.1732937685459941,1.6097000000000001,0.5987000000000002,0.5921859545004948,1.11883,0.10783000000000009,0.10665677546983195,0.92905,-0.08194999999999986,-0.08105835806132529,1.1821999999999997,0.1711999999999998,0.16933728981206708
23,1.421,1.16769,-0.25331000000000015,-0.17826178747361024,1.8892,0.46819999999999995,0.32948627726952845,2.6052999999999997,1.1842999999999997,0.8334271639690356,2.5654000000000003,1.1444000000000003,0.8053483462350459,2.5566000000000004,1.1356000000000004,0.7991555242786772,1.47157,0.050570000000000004,0.03558761435608727,2.6598000000000006,1.2388000000000006,0.8717804363124564,1.8366000000000002,0.4156000000000002,0.2924700914848699,2.5763000000000007,1.1553000000000007,0.8130190007037302,1.77053,0.3495299999999999,0.24597466572836024,1.4868100000000002,0.06581000000000015,0.04631245601688962,1.832,0.41100000000000003,0.2892329345531316
24,1.611,1.2282600000000001,-0.38273999999999986,-0.23757914338919917,2.1338999999999997,0.5228999999999997,0.324581005586592,3.2359,1.6249,1.0086281812538795,3.1130999999999993,1.5020999999999993,0.9324022346368711,3.1278999999999995,1.5168999999999995,0.9415890751086279,1.72457,0.11356999999999995,0.07049658597144627,3.296900000000001,1.6859000000000008,1.0464928615766609,2.0751,0.46409999999999996,0.28808193668528864,3.157700000000001,1.546700000000001,0.9600869025450037,2.02543,0.4144300000000001,0.2572501551831161,1.6726100000000002,0.061610000000000165,0.038243327126008794,2.072,0.4610000000000001,0.28615766604593423
25,1.699,1.23669,-0.46231,-0.2721071218363743,1.9441,0.24509999999999987,0.14426133019423182,2.5210999999999997,0.8220999999999996,0.48387286639199506,2.516399999999999,0.817399999999999,0.4811065332548552,2.4915000000000003,0.7925000000000002,0.466450853443202,1.4416799999999999,-0.2573200000000002,-0.1514537963507947,2.5785,0.8795,0.5176574455562095,1.8907000000000003,0.1917000000000002,0.11283107710417904,2.5114,0.8124,0.4781636256621542,1.78153,0.08252999999999999,0.04857563272513243,1.4952100000000002,-0.20378999999999992,-0.11994702766333132,1.8764,0.1774,0.10441436138905238
26,2.412,1.97025,-0.44174999999999986,-0.18314676616915418,2.5056000000000003,0.09360000000000035,0.038805970149253875,2.9323999999999995,0.5203999999999995,0.21575456053067973,2.9574,0.5453999999999999,0.22611940298507457,2.9308000000000005,0.5188000000000006,0.21509121061359893,2.12987,-0.28213,-0.116969320066335,2.9796999999999993,0.5676999999999994,0.23536484245439446,2.4629000000000003,0.05090000000000039,0.021102819237147758,2.9425,0.5305,0.21994195688225537,2.38883,-0.023169999999999913,-0.009606135986732966,2.17331,-0.23869000000000007,-0.0989593698175788,2.4592,0.04720000000000013,0.019568822553897237
27,2.669,2.19535,-0.4736500000000001,-0.17746346946421884,2.9395000000000007,0.27050000000000063,0.10134881978269038,3.467199999999999,0.7981999999999991,0.29906331959535376,3.4824,0.8134000000000001,0.3047583364556014,3.4508,0.7818,0.29291869614087673,2.35127,-0.31773000000000007,-0.11904458598726117,3.5274,0.8584,0.3216185837392282,2.8781,0.20909999999999984,0.07834394904458593,3.4689000000000005,0.7999000000000005,0.2997002622705135,2.7471300000000003,0.07813000000000025,0.02927313600599485,2.43801,-0.23099000000000025,-0.08654552266766588,2.8714999999999993,0.20249999999999924,0.07587111277632043
28,1.531,1.10375,-0.4272499999999999,-0.2790659699542782,1.7902000000000002,0.2592000000000003,0.16930111038536927,2.4067,0.8756999999999999,0.5719790986283475,2.3921,0.8611000000000002,0.5624428478118878,2.3728,0.8417999999999999,0.5498367080339647,1.33448,-0.1965199999999998,-0.12836054866100577,2.460700000000001,0.9297000000000011,0.6072501632919668,1.7368000000000001,0.2058000000000002,0.13442194644023528,2.3878000000000004,0.8568000000000005,0.5596342259960814,1.6469300000000002,0.11593000000000031,0.0757217504898761,1.3713099999999998,-0.1596900000000001,-0.10430437622468983,1.7312999999999998,0.20029999999999992,0.13082952318745913
29,2.608,2.03245,-0.5755500000000002,-0.22068634969325163,2.5579,-0.05010000000000003,-0.019210122699386514,2.9885,0.38050000000000006,0.14589723926380369,3.0107999999999997,0.4027999999999996,0.15444785276073603,2.9842000000000004,0.3762000000000003,0.14424846625766882,2.20457,-0.4034300000000002,-0.15468941717791418,3.0341000000000005,0.42610000000000037,0.16338190184049092,2.5173,-0.0907,-0.03477760736196319,2.9964000000000004,0.3884000000000003,0.14892638036809827,2.4504300000000003,-0.15756999999999977,-0.060417944785275984,2.24011,-0.36789000000000005,-0.1410621165644172,2.5129,-0.09509999999999996,-0.03646472392638035
30,3.153,2.41105,-0.7419500000000001,-0.2353155724706629,3.1713000000000005,0.018300000000000427,0.005803996194100992,3.8114,0.6583999999999999,0.2088169996828417,3.8293999999999997,0.6763999999999997,0.21452584839835068,3.796500000000001,0.6435000000000008,0.20409134157944842,2.65717,-0.4958300000000002,-0.157256581033936,3.8757,0.7227000000000001,0.22921027592768795,3.1135,-0.03949999999999987,-0.012527751347922571,3.813900000000001,0.6609000000000012,0.2096098953377739,3.01403,-0.13897000000000004,-0.04407548366634952,2.7067099999999997,-0.4462900000000003,-0.14154456073580726,3.1068,-0.04620000000000024,-0.014652711703139943
31,2.923,2.23555,-0.6874500000000001,-0.2351864522750599,2.9923,0.06930000000000014,0.023708518645227553,3.6137000000000006,0.6907000000000005,0.23629832364009598,3.629299999999999,0.7062999999999988,0.2416353061922678,3.598,0.6749999999999998,0.23092712966130682,2.45997,-0.46302999999999983,-0.15840916866233315,3.6793999999999993,0.7563999999999993,0.2587752309271294,2.9326,0.009599999999999831,0.0032842969551829734,3.6163999999999996,0.6933999999999996,0.23722203215874088,2.82263,-0.10036999999999985,-0.034338008894970865,2.51721,-0.4057900000000001,-0.13882654806705444,2.9257999999999997,0.0027999999999996916,0.0009579199452616119
32,1.876,1.36737,-0.5086299999999999,-0.2711247334754797,2.0915,0.21550000000000002,0.11487206823027721,2.6426999999999996,0.7666999999999997,0.408688699360341,2.6465999999999994,0.7705999999999995,0.4107675906183367,2.6223,0.7463000000000002,0.397814498933902,1.55377,-0.3222299999999998,-0.1717643923240937,2.7017000000000007,0.8257000000000008,0.44013859275053346,2.0323,0.15630000000000033,0.08331556503198312,2.6375,0.7615000000000003,0.40591684434968034,1.91243,0.036430000000000184,0.019418976545842317,1.6211099999999998,-0.25489000000000006,-0.13586886993603414,2.0244999999999997,0.14849999999999985,0.0791577825159914
33,3.011,2.44075,-0.5702500000000001,-0.18938890733975428,3.1726,0.16159999999999997,0.05366987711723679,3.8023,0.7912999999999997,0.2628030554633011,3.823599999999999,0.8125999999999989,0.269877117236798,3.7901,0.7790999999999997,0.2587512454334107,2.6625699999999997,-0.34843000000000046,-0.11571903022251759,3.8686000000000007,0.8576000000000006,0.2848223181667222,3.1158,0.1048,0.03480571238791099,3.8076,0.7965999999999998,0.2645632680172699,3.01623,0.005230000000000068,0.0017369644636333669,2.72071,-0.29029000000000016,-0.09640983062105618,3.1094,0.09839999999999982,0.032680172700099576
34,3.129,2.2367500000000002,-0.8922499999999998,-0.28515500159795454,3.2032000000000007,0.07420000000000071,0.023713646532438706,3.918,0.7890000000000001,0.25215723873442,3.9217999999999993,0.7927999999999993,0.25337168424416723,3.887900000000001,0.758900000000001,0.2425375519335254,2.44057,-0.6884299999999999,-0.22001597954618085,3.9956999999999994,0.8666999999999994,0.2769894534995204,3.1245000000000003,-0.0044999999999997264,-0.0014381591562798743,3.9122000000000012,0.7832000000000012,0.2503036113774373,2.95603,-0.17296999999999985,-0.0552796420581655,2.54941,-0.57959,-0.1852317034196229,3.1168999999999993,-0.012100000000000666,-0.0038670501757752207
35,2.963,2.30995,-0.6530499999999999,-0.22040161997975022,3.0548,0.0918000000000001,0.03098211272359099,3.7223999999999995,0.7593999999999994,0.2562942963212958,3.729799999999999,0.766799999999999,0.2587917651029359,3.7010999999999994,0.7380999999999993,0.2491056361795475,2.5653699999999997,-0.39763000000000037,-0.13419844751940613,3.7863000000000007,0.8233000000000006,0.27786027674654085,2.998,0.03500000000000014,0.011812352345595727,3.7191,0.7561,0.25518056024299696,2.90513,-0.057869999999999866,-0.019530880863989155,2.60771,-0.3552900000000001,-0.1199088761390483,2.9924,0.02939999999999987,0.009922375970300327
36,3.588,2.71885,-0.8691499999999999,-0.2422380156075808,3.6568000000000005,0.06880000000000042,0.01917502787068016,4.4646,0.8765999999999998,0.24431438127090296,4.477599999999999,0.8895999999999988,0.24793756967669978,4.44,0.8520000000000003,0.2374581939799332,3.0024699999999998,-0.5855300000000003,-0.163191192865106,4.5463000000000005,0.9583000000000004,0.26708472686733564,3.5835999999999997,-0.004400000000000404,-0.0012263099219622083,4.463400000000001,0.8754000000000008,0.2439799331103681,3.45363,-0.1343700000000001,-0.03744983277591976,3.07431,-0.51369,-0.14316889632107022,3.5755,-0.012500000000000178,-0.0034838350055741854
37,3.323,2.5997500000000002,-0.7232499999999997,-0.21764971411375256,3.3824000000000005,0.05940000000000056,0.017875413782726623,3.9545000000000003,0.6315000000000004,0.1900391212759556,3.9926999999999992,0.6696999999999993,0.20153475774902177,3.9530000000000003,0.6300000000000003,0.18958772193800794,2.80617,-0.5168300000000001,-0.15553114655431843,4.021000000000001,0.6980000000000008,0.2100511585916343,3.3194,-0.0036000000000000476,-0.0010833584110743447,3.969400000000001,0.6464000000000012,0.1945230213662357,3.19753,-0.12546999999999997,-0.03775804995486006,2.8841099999999997,-0.4388900000000002,-0.1320764369545592,3.3117,-0.011299999999999866,-0.003400541679205497
38,3.093,2.37535,-0.7176499999999999,-0.2320239249919172,3.1321000000000003,0.03910000000000036,0.012641448431943213,3.7634999999999996,0.6704999999999997,0.21677982541222104,3.778599999999999,0.6855999999999991,0.22166181700614263,3.748400000000001,0.6554000000000011,0.21189783381829974,2.61777,-0.4752299999999998,-0.15364694471386997,3.8269,0.7339000000000002,0.2372777238926609,3.0730000000000004,-0.019999999999999574,-0.006466214031684311,3.7657999999999996,0.6727999999999996,0.21752344002586474,2.97163,-0.12136999999999976,-0.039240219851277,2.66941,-0.4235899999999999,-0.13695118008406076,3.0672999999999995,-0.0257000000000005,-0.008309085030714678
39,3.101,2.38665,-0.71435,-0.23036117381489843,3.1304,0.02939999999999987,0.00948081264108348,3.7830000000000004,0.6820000000000004,0.21992905514350222,3.7918000000000003,0.6908000000000003,0.22276684940341834,3.7663,0.6653000000000002,0.21454369558207037,2.64187,-0.45913000000000004,-0.148058690744921,3.8473000000000006,0.7463000000000006,0.24066430183811693,3.0760000000000005,-0.024999999999999467,-0.008061915511125272,3.781200000000001,0.680200000000001,0.2193485972267014,2.98163,-0.11936999999999998,-0.03849403418252176,2.68341,-0.41759000000000013,-0.134663011931635,3.0688999999999993,-0.032100000000000684,-0.01035149951628529
40,2.959,2.55765,-0.4013499999999999,-0.13563703954038522,3.5294,0.5703999999999998,0.1927678269685704,4.1819,1.2228999999999997,0.41328151402500835,4.208600000000001,1.2496000000000005,0.4223048327137548,4.1674999999999995,1.2084999999999995,0.40841500506927997,2.7197699999999996,-0.2392300000000005,-0.08084825954714447,4.259399999999999,1.3003999999999993,0.4394727948631292,3.4446000000000003,0.48560000000000025,0.16410949645150397,4.186600000000001,1.2276000000000011,0.4148698884758368,3.2659300000000004,0.30693000000000037,0.10372761067928367,2.86051,-0.09848999999999997,-0.03328489354511658,3.4388999999999994,0.4798999999999993,0.1621831699898612
41,3.153,2.44075,-0.71225,-0.22589597209007295,3.4247000000000005,0.2717000000000005,0.08617189977798938,4.199699999999999,1.046699999999999,0.3319695528068503,4.1828,1.0298000000000003,0.32660957817951164,4.157100000000001,1.0041000000000007,0.31845861084681276,2.7194700000000003,-0.43352999999999975,-0.1374976213130351,4.273200000000001,1.120200000000001,0.3552806850618462,3.3475,0.19450000000000012,0.06168728195369493,4.180500000000001,1.0275000000000012,0.3258801141769747,3.1977300000000004,0.04473000000000038,0.014186489058040083,2.79651,-0.35649,-0.1130637488106565,3.3409999999999993,0.18799999999999928,0.05962575325087196
42,3.193,2.49485,-0.69815,-0.21865017225180083,3.4617000000000004,0.2687000000000004,0.08415283432508625,4.1758,0.9827999999999997,0.30779830880050096,4.1866,0.9936000000000003,0.31118070779830886,4.1496,0.9566000000000003,0.2995928593798936,2.7151699999999996,-0.4778300000000004,-0.14964923269652378,4.254099999999999,1.0610999999999993,0.33232070153460674,3.383,0.18999999999999995,0.05950516755402441,4.172,0.9789999999999996,0.30660820544942047,3.2183300000000004,0.025330000000000297,0.007932978390228718,2.81811,-0.37489000000000017,-0.11740995928593805,3.3739,0.18089999999999984,0.056655183213278996
43,1.466,1.10818,-0.35782,-0.24407912687585268,2.1837,0.7177,0.48956343792633017,3.7303000000000006,2.2643000000000004,1.5445429740791272,3.510299999999999,2.044299999999999,1.3944747612551152,3.5550000000000006,2.0890000000000004,1.4249658935879947,1.84147,0.37546999999999997,0.256118690313779,3.7988999999999997,2.3328999999999995,1.5913369713506136,2.1225,0.6565000000000001,0.4478171896316508,3.595300000000001,2.1293000000000006,1.4524556616643933,2.1135300000000004,0.6475300000000004,0.44169849931787203,1.70141,0.23541000000000012,0.16057980900409285,2.1193999999999997,0.6533999999999998,0.4457025920873123
44,3.375,2.69875,-0.67625,-0.20037037037037037,3.6704,0.2953999999999999,0.0875259259259259,4.414699999999999,1.039699999999999,0.308059259259259,4.4216,1.0465999999999998,0.3101037037037036,4.3867,1.0117000000000003,0.29976296296296306,2.9403699999999997,-0.4346300000000003,-0.12877925925925934,4.4933,1.1182999999999996,0.33134814814814806,3.5926,0.21760000000000002,0.06447407407407407,4.4081,1.0331000000000001,0.30610370370370377,3.43503,0.060029999999999806,0.01778666666666661,3.03781,-0.3371900000000001,-0.09990814814814818,3.5857,0.2107000000000001,0.06242962962962966
45,3.443,2.64365,-0.79935,-0.2321667150740633,3.8211000000000004,0.3781000000000003,0.10981702004066231,4.938999999999999,1.495999999999999,0.43450479233226813,4.864599999999999,1.4215999999999993,0.41289573046761524,4.852799999999999,1.4097999999999993,0.4094684867847805,3.0909700000000004,-0.3520299999999996,-0.10224513505663654,5.023300000000001,1.5803000000000007,0.45898925355794384,3.7344,0.2913999999999999,0.0846354923032239,4.8854,1.4423999999999997,0.41893697356956133,3.5959300000000005,0.15293000000000045,0.044417659018298125,3.12271,-0.32028999999999996,-0.093026430438571,3.7272999999999996,0.28429999999999955,0.08257333720592494
46,2.531,1.94935,-0.5816500000000002,-0.2298103516396682,2.4546,-0.07640000000000002,-0.03018569735282498,2.8904999999999994,0.35949999999999926,0.14203871987356745,2.9063,0.37529999999999974,0.1482813117344922,2.883300000000001,0.35230000000000095,0.13919399446858985,2.1236699999999997,-0.4073300000000004,-0.16093638877913882,2.935600000000001,0.40460000000000074,0.15985776372975136,2.4149000000000003,-0.11609999999999987,-0.04587119715527454,2.8965000000000005,0.3655000000000004,0.14440932437771645,2.35263,-0.17837000000000014,-0.07047412090082976,2.15171,-0.3792900000000001,-0.14985776372975113,2.4101,-0.12090000000000023,-0.04776768075859353
47,3.021,2.45015,-0.5708500000000001,-0.18896060906984447,3.4256,0.4046000000000003,0.13392916252896403,4.1948,1.1738,0.38854683879510094,4.183299999999999,1.1622999999999992,0.38474015226746083,4.1552,1.1341999999999999,0.375438596491228,2.7167700000000004,-0.30422999999999956,-0.10070506454816272,4.2696000000000005,1.2486000000000006,0.41330685203574996,3.3485000000000005,0.32750000000000057,0.10840781198278734,4.1794,1.1584000000000003,0.3834491890102616,3.19743,0.1764300000000003,0.05840119165839137,2.79841,-0.22258999999999984,-0.0736809003641178,3.3419999999999996,0.32099999999999973,0.10625620655412106
48,2.664,2.09875,-0.5652500000000003,-0.21218093093093102,2.8514,0.1873999999999998,0.07034534534534526,3.3867000000000003,0.7227000000000001,0.2712837837837838,3.395999999999999,0.7319999999999989,0.27477477477477436,3.3670999999999998,0.7030999999999996,0.2639264264264263,2.26167,-0.4023300000000001,-0.1510247747747748,3.445500000000001,0.7815000000000007,0.2933558558558561,2.7895000000000003,0.12550000000000017,0.04710960960960967,3.385600000000001,0.7216000000000009,0.2708708708708712,2.65993,-0.004070000000000018,-0.0015277777777777844,2.34731,-0.31669000000000036,-0.11887762762762775,2.784,0.11999999999999966,0.04504504504504492
49,2.487,2.08665,-0.40035,-0.16097708082026538,2.8478000000000003,0.36080000000000023,0.14507438681141946,3.3532,0.8662000000000001,0.34829111379171696,3.3763000000000005,0.8893000000000004,0.35757941294732626,3.341500000000001,0.8545000000000007,0.34358665058303206,2.22347,-0.26353000000000026,-0.10596300763972669,3.4153000000000002,0.9283000000000001,0.37326095697627665,2.7843,0.2972999999999999,0.11954161640530755,3.3591000000000006,0.8721000000000005,0.35066344993968657,2.64353,0.15653000000000006,0.06293928427824691,2.32361,-0.16339000000000015,-0.06569762766385209,2.7782,0.2911999999999999,0.11708886208283067
50,1.644,1.40579,-0.2382099999999998,-0.14489659367396582,2.3478000000000003,0.7038000000000004,0.42810218978102216,3.4455999999999998,1.8015999999999999,1.0958637469586374,3.350999999999999,1.7069999999999992,1.0383211678832112,3.3587999999999996,1.7147999999999997,1.0430656934306568,1.91777,0.27377000000000007,0.1665267639902677,3.5114,1.8674000000000002,1.135888077858881,2.2911,0.6471000000000002,0.39361313868613157,3.3876,1.7436,1.0605839416058396,2.24793,0.6039300000000003,0.36735401459854033,1.88441,0.24041,0.14623479318734794,2.2859,0.6418999999999999,0.3904501216545012
51,3.614,2.79305,-0.8209499999999998,-0.22715827338129493,3.7287,0.11470000000000002,0.03173768677365801,4.604399999999999,0.9903999999999993,0.2740453790813501,4.599600000000001,0.9856000000000007,0.27271721084670747,4.568700000000001,0.9547000000000008,0.2641671278361928,3.1150700000000002,-0.49892999999999965,-0.13805478693967893,4.6853,1.0713,0.29643054786939677,3.6581,0.04410000000000025,0.012202545655783135,4.595,0.9809999999999999,0.2714443829551743,3.5425299999999997,-0.07147000000000014,-0.019775871610404026,3.16571,-0.4482900000000001,-0.12404261206419483,3.6495999999999995,0.03559999999999963,0.009850581073602555
52,3.736,2.95645,-0.7795500000000004,-0.20865899357601722,3.9187000000000003,0.18270000000000008,0.048902569593147774,4.7360999999999995,1.0000999999999993,0.2676927194860812,4.749599999999999,1.013599999999999,0.2713062098501068,4.711799999999999,0.9757999999999991,0.26118843683083487,3.25077,-0.48523000000000005,-0.12987955032119916,4.8193,1.0833,0.28996252676659523,3.8420000000000005,0.10600000000000032,0.028372591006424065,4.7344,0.9983999999999997,0.26723768736616693,3.7092300000000002,-0.02676999999999996,-0.007165417558886499,3.3239099999999997,-0.4120900000000005,-0.11030246252676673,3.8338,0.09779999999999989,0.026177730192719455
53,3.296,2.52815,-0.7678499999999997,-0.23296419902912613,3.4940000000000007,0.19800000000000084,0.06007281553398084,4.525999999999999,1.229999999999999,0.3731796116504852,4.4786,1.1826000000000003,0.3587985436893205,4.464900000000001,1.1689000000000012,0.35464199029126253,2.97797,-0.3180299999999998,-0.09648968446601937,4.603300000000001,1.307300000000001,0.3966322815533984,3.4283,0.1323000000000003,0.040139563106796214,4.4912,1.1952000000000003,0.3626213592233011,3.3544300000000002,0.058430000000000426,0.01772754854368945,2.97451,-0.32148999999999983,-0.09753944174757277,3.4216999999999995,0.1256999999999997,0.03813713592233001
54,3.101,2.49605,-0.6049500000000001,-0.19508223153821352,3.2691,0.16809999999999992,0.05420831989680745,3.8664999999999994,0.7654999999999994,0.2468558529506609,3.894,0.7930000000000001,0.2557239600128991,3.8579999999999997,0.7569999999999997,0.24411480167687832,2.7120699999999998,-0.3889300000000002,-0.12542083198968082,3.931800000000001,0.8308000000000009,0.26791357626572104,3.2090000000000005,0.10800000000000054,0.03482747500806209,3.8745000000000003,0.7735000000000003,0.2494356659142213,3.0928299999999997,-0.008170000000000233,-0.00263463398903587,2.78151,-0.31949000000000005,-0.10302805546597874,3.2006999999999994,0.09969999999999946,0.032150919058368095
55,3.34,2.64075,-0.6992499999999997,-0.2093562874251496,3.5962000000000005,0.25620000000000065,0.0767065868263475,4.6399,1.2999,0.3891916167664671,4.586599999999999,1.246599999999999,0.3732335329341315,4.575500000000001,1.235500000000001,0.3699101796407189,3.10487,-0.23512999999999984,-0.07039820359281433,4.7163,1.3763000000000005,0.41206586826347325,3.5314000000000005,0.19140000000000068,0.05730538922155709,4.603600000000001,1.2636000000000012,0.37832335329341354,3.4640299999999997,0.12402999999999986,0.03713473053892211,3.09271,-0.24729,-0.07403892215568864,3.5238999999999994,0.1838999999999995,0.05505988023952081
56,3.018,2.24905,-0.7689499999999998,-0.25478793903247177,2.9929000000000006,-0.025099999999999234,-0.008316766070244942,3.6015000000000006,0.5835000000000008,0.19333996023856886,3.6195000000000004,0.6015000000000006,0.19930417495029842,3.588,0.5700000000000003,0.18886679920477148,2.47067,-0.5473299999999997,-0.18135520212060957,3.6639999999999997,0.6459999999999999,0.21404903909874087,2.9337999999999997,-0.08420000000000005,-0.027899271040424143,3.6049999999999995,0.5869999999999997,0.19449966865473817,2.82553,-0.1924699999999997,-0.06377402253147771,2.52611,-0.4918899999999997,-0.16298542080848236,2.9272,-0.09079999999999977,-0.03008614976805824
57,4.33,3.37975,-0.95025,-0.21945727482678984,4.2153,-0.11470000000000002,-0.026489607390300235,4.6628,0.33279999999999976,0.07685912240184752,4.7446,0.4146000000000001,0.09575057736720556,4.683800000000001,0.35380000000000056,0.08170900692840659,3.46737,-0.8626300000000002,-0.19922170900692845,4.7393,0.4093,0.09452655889145496,4.1402,-0.18979999999999997,-0.043833718244803685,4.700400000000001,0.37040000000000095,0.08554272517321038,3.95903,-0.37097000000000024,-0.08567436489607395,3.6084099999999997,-0.7215900000000004,-0.1666489607390301,4.131799999999999,-0.19820000000000082,-0.04577367205542744
58,3.619,3.2129499999999998,-0.40605000000000047,-0.11219950262503466,4.4619,0.8428999999999998,0.23290964354794133,5.393199999999999,1.7741999999999991,0.4902459242884772,5.3995999999999995,1.7805999999999993,0.49201436861011305,5.3578,1.7388,0.48046421663442934,3.52107,-0.0979300000000003,-0.027059961315280545,5.4853000000000005,1.8663000000000003,0.5156949433545178,4.3660000000000005,0.7470000000000003,0.2064106106659299,5.3874,1.7684000000000002,0.48864327162199506,4.174729999999999,0.5557299999999992,0.15355899419729183,3.66121,0.04220999999999986,0.011663442940038645,4.3568,0.7377999999999996,0.2038684719535782
59,3.555,2.86125,-0.6937500000000001,-0.19514767932489452,3.8757,0.3207,0.09021097046413501,4.818499999999999,1.2634999999999992,0.3554149085794653,4.8065999999999995,1.2515999999999994,0.35206751054852303,4.779700000000001,1.2247000000000008,0.34450070323488063,3.2701700000000002,-0.2848299999999999,-0.08012095639943738,4.895300000000001,1.3403000000000005,0.3770182841068918,3.8043000000000005,0.2493000000000003,0.07012658227848109,4.8044,1.2494,0.35144866385372714,3.7050300000000003,0.1500300000000001,0.04220253164556965,3.30491,-0.25009000000000015,-0.07034880450070327,3.7962999999999996,0.2412999999999994,0.06787623066104062
60,3.337,2.60055,-0.73645,-0.22069223853760864,3.5934,0.25639999999999974,0.07683548097093189,4.3297,0.9926999999999997,0.2974827689541503,4.3345,0.9975,0.2989211866946359,4.3015,0.9644999999999997,0.2890320647287982,2.8451700000000004,-0.49182999999999977,-0.147386874438118,4.4053,1.0683000000000002,0.3201378483667966,3.5149,0.17789999999999973,0.0533113575067425,4.3227,0.9857,0.29538507641594247,3.35033,0.013329999999999842,0.003994605933473132,2.94331,-0.3936900000000003,-0.1179772250524424,3.5044999999999993,0.1674999999999991,0.050194785735690466
61,4.995,3.83925,-1.1557500000000003,-0.23138138138138142,4.8951,-0.09989999999999988,-0.019999999999999976,5.595199999999999,0.6001999999999992,0.12016016016016,5.6576,0.6626000000000003,0.13265265265265272,5.5958,0.6007999999999996,0.12028028028028019,4.03427,-0.9607299999999999,-0.1923383383383383,5.6873000000000005,0.6923000000000004,0.13859859859859866,4.8059,-0.18909999999999982,-0.03785785785785782,5.620400000000001,0.6254000000000008,0.12520520520520537,4.61043,-0.3845700000000001,-0.076990990990991,4.17311,-0.8218899999999998,-0.1645425425425425,4.797,-0.1980000000000004,-0.03963963963963972
62,3.039,2.42015,-0.6188500000000001,-0.20363606449489968,3.1763000000000003,0.1373000000000002,0.04517933530766706,3.848399999999999,0.8093999999999988,0.2663376110562681,3.8568,0.8177999999999996,0.2691016781836129,3.830000000000001,0.7910000000000008,0.2602829878249427,2.67847,-0.36053000000000024,-0.11863441921684773,3.9129000000000005,0.8739000000000003,0.28756169792694974,3.1197,0.08069999999999977,0.026554787759131216,3.848200000000001,0.809200000000001,0.2662717999341892,3.02773,-0.011270000000000113,-0.0037084567291872698,2.72451,-0.31449000000000016,-0.10348469891411653,3.112,0.07299999999999995,0.024021059559065465
63,3.671,2.85515,-0.8158499999999997,-0.2222418959411604,3.7858,0.11480000000000024,0.03127213293380557,4.6474,0.9764000000000004,0.26597657314083367,4.646599999999999,0.9755999999999996,0.2657586488695177,4.6141,0.9430999999999998,0.2569054753473168,3.17237,-0.4986299999999999,-0.13582947425769543,4.7293,1.0583000000000005,0.2882865704167803,3.7144000000000004,0.04340000000000055,0.01182239171887784,4.639400000000001,0.9684000000000013,0.2637973304276767,3.60103,-0.06996999999999964,-0.01906020157995087,3.22701,-0.4439899999999999,-0.1209452465268319,3.7059999999999995,0.0349999999999997,0.00953418687006257
64,3.102,2.42045,-0.6815499999999997,-0.2197130883301095,3.1313000000000004,0.029300000000000548,0.009445519019987282,3.7685000000000004,0.6665000000000005,0.21486137975499695,3.7821999999999996,0.6801999999999997,0.21927788523533195,3.7524000000000006,0.6504000000000008,0.2096711798839461,2.65177,-0.4502299999999999,-0.14514184397163118,3.8324999999999996,0.7304999999999997,0.23549323017408116,3.0769,-0.025099999999999678,-0.008091553836234585,3.769700000000001,0.6677000000000013,0.21524822695035503,2.9853300000000003,-0.11666999999999961,-0.037611218568665256,2.69981,-0.40219000000000005,-0.12965506125080595,3.0703999999999994,-0.03160000000000052,-0.01018697614442312
65,4.854,3.6083499999999997,-1.2456500000000004,-0.25662340337865686,4.774500000000001,-0.07949999999999946,-0.01637824474660063,5.842199999999999,0.9881999999999991,0.20358467243510486,5.8316,0.9775999999999998,0.20140090646889158,5.7947999999999995,0.9407999999999994,0.1938195302843015,3.9982699999999998,-0.8557300000000003,-0.17629377832715293,5.940300000000001,1.0863000000000005,0.22379480840543892,4.6856,-0.1684000000000001,-0.034693036670787,5.825400000000001,0.9714000000000009,0.20012360939431414,4.53813,-0.3158700000000003,-0.06507416563658844,4.06491,-0.7890899999999998,-0.1625648949320148,4.677,-0.1770000000000005,-0.03646477132262062
66,5.496,4.50105,-0.9949500000000002,-0.18103165938864632,5.7777,0.28169999999999984,0.05125545851528381,6.711199999999999,1.2151999999999985,0.22110625909752518,6.7646,1.2685999999999993,0.2308224163027655,6.7068,1.2107999999999999,0.22030567685589517,4.84047,-0.6555300000000006,-0.11927401746724901,6.8133,1.3172999999999995,0.239683406113537,5.6773,0.18129999999999935,0.0329876273653565,6.7304,1.2344,0.22459970887918485,5.48653,-0.009470000000000312,-0.0017230713245997653,4.96781,-0.5281900000000004,-0.09610443959243092,5.666399999999999,0.170399999999999,0.03100436681222689
67,5.188,3.94145,-1.2465499999999996,-0.24027563608326902,4.978000000000001,-0.20999999999999908,-0.04047802621434061,5.6262,0.43820000000000014,0.08446414803392448,5.7066,0.5186000000000002,0.09996144949884353,5.638800000000001,0.450800000000001,0.08689282960678509,4.10227,-1.0857299999999999,-0.20927717810331534,5.7203,0.5323000000000002,0.10260215882806481,4.8877,-0.3003,-0.05788357748650733,5.6613999999999995,0.4733999999999998,0.09124903623747106,4.68373,-0.50427,-0.09719930609097918,4.2542100000000005,-0.9337899999999992,-0.17999036237471072,4.8778999999999995,-0.31010000000000026,-0.059772552043176615
68,5.496,4.3770500000000006,-1.11895,-0.20359352256186314,5.463500000000001,-0.03249999999999975,-0.005913391557496315,6.2612,0.7651999999999992,0.1392285298398834,6.3316,0.8355999999999995,0.15203784570596787,6.2718,0.7757999999999994,0.14115720524017455,4.68817,-0.80783,-0.14698508005822417,6.353300000000001,0.8573000000000004,0.155986171761281,5.3782000000000005,-0.1177999999999999,-0.02143377001455602,6.2924,0.7963999999999993,0.1449053857350799,5.22303,-0.2729700000000008,-0.04966703056768573,4.790310000000001,-0.7056899999999997,-0.128400655021834,5.3675999999999995,-0.12840000000000096,-0.023362445414847333
69,4.887,3.81155,-1.0754499999999996,-0.22006343359934513,4.848800000000001,-0.0381999999999989,-0.007816656435440742,5.467199999999999,0.5801999999999996,0.11872314303253523,5.5526,0.6656000000000004,0.13619807652956833,5.4828,0.5958000000000006,0.12191528545119718,3.9503700000000004,-0.9366299999999992,-0.19165745856353575,5.5633,0.6763000000000003,0.13838755882954787,4.7565,-0.13049999999999962,-0.026703499079189612,5.5043999999999995,0.6174,0.1263351749539595,4.54533,-0.3416699999999997,-0.0699140577041129,4.11211,-0.7748899999999992,-0.15856148966646189,4.7463,-0.14069999999999983,-0.0287906691221608
70,4.934,3.56295,-1.3710500000000003,-0.2778779894608837,4.6208,-0.31320000000000014,-0.06347790839075804,5.2052000000000005,0.27120000000000033,0.05496554519659512,5.2896,0.3555999999999999,0.07207134171057963,5.2208,0.2867999999999995,0.058127280097284045,3.67697,-1.2570300000000003,-0.2547689501418728,5.298299999999999,0.3642999999999992,0.07383461694365609,4.5241,-0.4099000000000004,-0.08307661126874755,5.2434,0.3094000000000001,0.06270774219700043,4.29733,-0.6366700000000005,-0.1290372922578031,3.85341,-1.0805900000000004,-0.21900891771382253,4.5156,-0.4184000000000001,-0.08479935143899475
71,5.681,4.34595,-1.3350499999999998,-0.23500264038021473,5.4935,-0.1875,-0.03300475268438655,6.6941999999999995,1.0131999999999994,0.17834888223904233,6.679599999999999,0.9985999999999988,0.17577891216335131,6.6458,0.9648000000000003,0.1698292554127795,4.8325700000000005,-0.8484299999999996,-0.14934518570674168,6.799300000000001,1.1183000000000005,0.19684914627706399,5.4109,-0.27010000000000023,-0.04754444640028168,6.6764,0.9954000000000001,0.17521563105087135,5.30603,-0.37497000000000025,-0.06600422460834364,4.8525100000000005,-0.8284899999999995,-0.14583524027459946,5.4017,-0.2793000000000001,-0.049163879598662225
72,3.141,2.49515,-0.6458499999999998,-0.2056192295447309,3.4306,0.2896000000000001,0.09219993632601085,4.283,1.1420000000000003,0.36357847819165884,4.2669,1.1258999999999997,0.35845272206303713,4.2398,1.0987999999999998,0.3498248965297675,2.79427,-0.34673,-0.11038841133397007,4.361599999999999,1.2205999999999992,0.38860235593759923,3.3602,0.21919999999999984,0.06978669213626229,4.267,1.1260000000000003,0.35848455905762505,3.2422299999999997,0.10122999999999971,0.03222858962113967,2.85691,-0.28408999999999995,-0.09044571792422794,3.3550999999999993,0.2140999999999993,0.06816300541228885
73,5.304,4.07705,-1.2269500000000004,-0.2313254147812972,5.1191,-0.18489999999999984,-0.03486048265460027,5.9712000000000005,0.6672000000000002,0.12579185520361993,6.0166,0.7126000000000001,0.13435143288084467,5.964799999999999,0.6607999999999992,0.1245852187028656,4.41397,-0.8900300000000003,-0.167803544494721,6.0623000000000005,0.7583000000000002,0.14296757164404225,5.0376,-0.26639999999999997,-0.0502262443438914,5.9883999999999995,0.6843999999999992,0.12903469079939653,4.89873,-0.4052700000000007,-0.07640837104072411,4.484710000000001,-0.8192899999999996,-0.1544664404223227,5.028099999999999,-0.2759000000000009,-0.05201734539969851
74,4.871,3.6567499999999997,-1.2142500000000007,-0.24928146171217422,4.6292,-0.24180000000000046,-0.04964073085608713,5.3402,0.46919999999999984,0.0963251898994046,5.371599999999999,0.5005999999999986,0.10277150482447106,5.3258,0.45479999999999965,0.09336891808663511,3.85717,-1.0138300000000005,-0.208135906384726,5.4253,0.5542999999999996,0.11379593512625734,4.5472,-0.3238000000000003,-0.06647505645657982,5.348400000000001,0.47740000000000027,0.09800862245945395,4.37433,-0.49667000000000083,-0.10196468897556986,3.96961,-0.9013900000000006,-0.18505235064668457,4.5398,-0.3312000000000008,-0.06799425169369756
75,0.518,0.41901000000000005,-0.09898999999999997,0.0,0.6698999999999999,0.15189999999999992,0.0,0.8475999999999999,0.3295999999999999,0.0,0.8544999999999998,0.3364999999999998,0.0,0.8424000000000005,0.32440000000000047,0.0,0.4788439,-0.03915610000000003,0.0,0.8673000000000002,0.34930000000000017,0.0,0.6494,0.13139999999999996,0.0,0.8494000000000002,0.33140000000000014,0.0,0.6043300000000001,0.08633000000000013,0.0,0.50361,-0.014390000000000014,0.0,0.6464999999999999,0.12849999999999984,0.0
76,1.012,0.7965570000000001,-0.21544299999999994,-0.21288833992094855,1.2836,0.27160000000000006,0.26837944664031627,1.6468999999999996,0.6348999999999996,0.6273715415019758,1.6558000000000002,0.6438000000000001,0.6361660079051384,1.6378000000000004,0.6258000000000004,0.6183794466403165,0.91645,-0.09555000000000002,-0.09441699604743085,1.6878000000000002,0.6758000000000002,0.6677865612648223,1.2459000000000002,0.23390000000000022,0.23112648221343896,1.6469000000000005,0.6349000000000005,0.6273715415019767,1.16343,0.15142999999999995,0.1496343873517786,0.96431,-0.04769000000000001,-0.04712450592885376,1.2398,0.2278,0.22509881422924902
77,2.98,2.2851500000000002,-0.6948499999999997,-0.23317114093959723,3.0148,0.034800000000000164,0.011677852348993344,3.656999999999999,0.6769999999999992,0.227181208053691,3.6618999999999993,0.6818999999999993,0.22882550335570445,3.6353,0.6553,0.2198993288590604,2.5318699999999996,-0.44813000000000036,-0.1503791946308726,3.7208000000000006,0.7408000000000006,0.24859060402684582,2.9604999999999997,-0.019500000000000295,-0.006543624161073925,3.6534000000000004,0.6734000000000004,0.22597315436241625,2.8666300000000002,-0.11336999999999975,-0.03804362416107374,2.57341,-0.40659,-0.13643959731543626,2.9529999999999994,-0.02700000000000058,-0.009060402684563953
78,3.083,2.33295,-0.7500500000000003,-0.24328576062277013,3.0644,-0.018600000000000172,-0.006033084657800899,3.7100999999999997,0.6270999999999995,0.20340577359714548,3.7157,0.6326999999999998,0.2052221861822899,3.6888999999999994,0.6058999999999992,0.19652935452481324,2.5883700000000003,-0.4946299999999999,-0.16043788517677582,3.7715999999999994,0.6885999999999992,0.22335387609471266,3.0069999999999997,-0.07600000000000051,-0.024651313655530492,3.707,0.6239999999999997,0.20240025948751203,2.91643,-0.1665700000000001,-0.054028543626338014,2.62531,-0.4576900000000004,-0.14845604930262743,3.0016,-0.08140000000000036,-0.026402854362633912
79,3.129,2.43795,-0.6910500000000002,-0.2208533077660595,3.1925,0.06349999999999989,0.020294023649728314,3.8363000000000005,0.7073000000000005,0.22604666027484835,3.8499999999999996,0.7209999999999996,0.23042505592841153,3.8245999999999993,0.6955999999999993,0.22230744646852008,2.6870700000000003,-0.4419299999999997,-0.14123681687440068,3.902100000000001,0.7731000000000008,0.24707574304889765,3.1346,0.005599999999999827,0.0017897091722594526,3.8396999999999997,0.7106999999999997,0.2271332694151485,3.03623,-0.0927699999999998,-0.02964844998402039,2.73561,-0.39339000000000013,-0.1257238734419943,3.1298999999999992,0.0008999999999992347,0.00028763183125574777
80,3.031,2.42925,-0.60175,-0.1985318376773342,3.1513,0.12029999999999985,0.039689871329594145,3.7924999999999995,0.7614999999999994,0.25123721544044847,3.8069000000000006,0.7759000000000005,0.25598812273177185,3.777400000000001,0.7464000000000008,0.2462553612669089,2.66087,-0.37013000000000007,-0.12211481359287366,3.8574,0.8264,0.27264929066314747,3.0957,0.06469999999999976,0.021346090399208102,3.794900000000001,0.7639000000000009,0.25202903332233617,3.00163,-0.029370000000000118,-0.009689871329594231,2.7109099999999997,-0.32009000000000043,-0.10560541075552636,3.0890999999999993,0.05809999999999915,0.019168591224018195
81,3.043,2.64435,-0.39864999999999995,-0.13100558659217876,3.6027000000000005,0.5597000000000003,0.18393033190930014,4.2658,1.2227999999999994,0.40184028918830084,4.2956,1.2526000000000002,0.4116332566546172,4.2528,1.2097999999999995,0.39756818928688775,2.80687,-0.23613000000000017,-0.07759776536312854,4.3467,1.3037,0.428425895497864,3.5241,0.48109999999999964,0.15810055865921774,4.273600000000001,1.2306000000000008,0.4044035491291491,3.3486300000000004,0.3056300000000003,0.10043706868222159,2.9464099999999998,-0.0965900000000004,-0.03174170226749931,3.5145999999999997,0.4715999999999996,0.1549786395004928
82,3.643,3.20435,-0.43865,-0.12040900356848751,4.234,0.5910000000000002,0.16222893219873738,4.1961,0.5531000000000006,0.15182541861103505,4.1836,0.5406000000000004,0.14839418062036794,4.155500000000001,0.5125000000000011,0.14068075761734863,3.58857,-0.05442999999999998,-0.014940982706560522,4.2697,0.6267000000000005,0.17202854790008248,4.0026,0.35960000000000036,0.0987098545155093,4.1796,0.5366,0.14729618446335438,3.8619300000000005,0.21893000000000074,0.06009607466373888,3.4704099999999998,-0.17259000000000002,-0.047375789184737865,4.1404,0.49739999999999984,0.13653582212462254
83,3.436,2.91695,-0.51905,-0.15106228172293365,4.1221000000000005,0.6861000000000006,0.1996798603026777,5.011399999999999,1.5753999999999992,0.4584982537834689,5.0085999999999995,1.5725999999999996,0.4576833527357391,4.9698,1.5338000000000003,0.44639115250291045,3.19257,-0.24343000000000004,-0.07084691501746218,5.1043,1.6683000000000003,0.485535506402794,4.0252,0.5892,0.17147846332945285,4.9994000000000005,1.5634000000000006,0.45500582072176965,3.8234300000000006,0.3874300000000006,0.11275611175785816,3.3239099999999997,-0.11209000000000024,-0.03262223515715956,4.0169999999999995,0.5809999999999995,0.16909196740395796
84,3.915,3.25485,-0.6601500000000002,-0.16862068965517246,4.4839,0.5689000000000002,0.1453128991060026,5.605199999999999,1.690199999999999,0.43172413793103426,5.5676000000000005,1.6526000000000005,0.42212005108556844,5.545800000000001,1.6308000000000007,0.41655172413793123,3.72677,-0.1882299999999999,-0.04807918263090674,5.023300000000001,1.1083000000000007,0.28309067688378053,4.3957,0.4806999999999997,0.12278416347381857,5.5744,1.6593999999999998,0.4238569604086845,4.26173,0.34673,0.08856449553001276,3.77291,-0.14209000000000005,-0.03629374201787996,4.3869,0.47189999999999976,0.12053639846743289
85,4.501,3.29055,-1.2104500000000002,-0.26892912686069764,4.2386,-0.2624000000000004,-0.058298155965341124,5.2982000000000005,0.7972000000000001,0.17711619640079984,5.2676,0.7665999999999995,0.17031770717618294,5.2458,0.7447999999999997,0.16547433903576975,3.75277,-0.7482300000000004,-0.16623639191290832,5.3833,0.8822999999999999,0.19602310597644965,4.1729,-0.32810000000000006,-0.07289491224172406,5.271400000000001,0.7704000000000004,0.1711619640079983,4.10323,-0.3977700000000004,-0.08837369473450353,3.7345099999999998,-0.7664900000000006,-0.17029326816263063,4.166099999999999,-0.3349000000000011,-0.07440568762497246
86,3.977,3.2331499999999997,-0.7438500000000001,-0.18703796831782754,4.0768,0.09980000000000055,0.02509429218003534,4.4883999999999995,0.5113999999999996,0.1285893889866733,4.579599999999999,0.6025999999999994,0.15152124717123444,4.516100000000001,0.5391000000000008,0.1355544380186072,3.29277,-0.6842299999999999,-0.17204676892129744,4.5663,0.5893000000000002,0.1481770178526528,3.9993,0.022299999999999986,0.005607241639426701,4.5324,0.5554000000000001,0.1396530047774705,3.8070300000000006,-0.1699699999999993,-0.0427382449082221,3.44951,-0.5274899999999998,-0.13263515212471708,3.9913,0.01429999999999998,0.003595675132009047
87,5.306,3.99735,-1.30865,-0.2466358839050132,5.0253000000000005,-0.2806999999999995,-0.052902374670184604,5.893199999999999,0.5871999999999993,0.110667169242367,5.9236,0.6176000000000004,0.11639653222766685,5.8778,0.5717999999999996,0.10776479457218237,4.33777,-0.9682300000000001,-0.18247832642291748,5.981300000000001,0.6753000000000009,0.12727101394647586,4.946,-0.3600000000000003,-0.0678477195627592,5.902400000000001,0.5964000000000009,0.11240105540897115,4.81473,-0.4912700000000001,-0.09258763663776857,4.40411,-0.9018899999999999,-0.1699754994346023,4.9367,-0.36929999999999996,-0.0696004523181304
88,5.219,4.01245,-1.20655,-0.2311841348917417,5.0314000000000005,-0.18759999999999977,-0.03594558344510438,5.9281999999999995,0.7091999999999992,0.13588810116880612,5.9526,0.7336,0.14056332630772178,5.9098,0.6907999999999994,0.13236252155585349,4.37977,-0.8392300000000006,-0.16080283579229748,6.0173000000000005,0.7983000000000002,0.15296033722935432,4.9541,-0.2648999999999999,-0.050756849971258844,5.9334,0.7143999999999995,0.13688446062464063,4.83393,-0.3850700000000007,-0.07378233378041783,4.42781,-0.7911900000000003,-0.15159800728108838,4.945799999999999,-0.273200000000001,-0.052347192948840965
89,5.197,3.9789499999999998,-1.2180500000000003,-0.23437560130844723,5.0324,-0.16460000000000008,-0.03167211852992112,5.8632,0.6661999999999999,0.12818934000384835,5.9186,0.7215999999999996,0.13884933615547423,5.8638,0.6668000000000003,0.1283047912257072,4.29507,-0.9019300000000001,-0.17354820088512604,5.956300000000001,0.7593000000000005,0.1461035212622668,4.9498,-0.2472000000000003,-0.04756590340581111,5.8874,0.6904000000000003,0.1328458726188186,4.80403,-0.39297000000000004,-0.07561477775639792,4.38021,-0.8167900000000001,-0.15716567250336735,4.9398,-0.2572000000000001,-0.04949009043679047
90,5.25,4.0127500000000005,-1.2372499999999995,-0.23566666666666658,5.2765,0.026500000000000412,0.005047619047619126,6.050199999999999,0.8001999999999994,0.1524190476190475,6.102599999999999,0.8525999999999989,0.1623999999999998,6.0408,0.7908,0.15062857142857142,4.23077,-1.0192300000000003,-0.19413904761904768,6.1503,0.9002999999999997,0.1714857142857142,5.1689,-0.08110000000000017,-0.01544761904761908,6.0684,0.8183999999999996,0.1558857142857142,4.92613,-0.3238700000000003,-0.061689523809523875,4.40101,-0.8489899999999997,-0.16171238095238089,5.1585,-0.09149999999999991,-0.01742857142857141
91,5.777,4.71805,-1.0589500000000003,-0.18330448329582832,6.0784,0.3014000000000001,0.05217240782413019,6.7132,0.9361999999999995,0.16205643067335979,6.800599999999999,1.0235999999999992,0.1771853903410073,6.727799999999999,0.9507999999999992,0.164583693958802,4.82767,-0.9493299999999998,-0.16432923662800758,6.8332999999999995,1.0562999999999994,0.1828457676994979,5.9648,0.1878000000000002,0.032508222260688974,6.752400000000001,0.9754000000000005,0.16884195949454742,5.546729999999999,-0.23027000000000086,-0.03985978881772561,5.134110000000001,-0.6428899999999995,-0.11128440366972468,5.9548,0.17779999999999951,0.03077722001038593
92,5.772,4.38935,-1.38265,-0.239544352044352,5.6345,-0.13750000000000018,-0.023821898821898852,6.4432,0.6711999999999998,0.11628551628551624,6.5245999999999995,0.7525999999999993,0.13038808038808025,6.449800000000001,0.6778000000000004,0.1174289674289675,4.595470000000001,-1.1765299999999996,-0.20383402633402625,6.5563,0.7843,0.13588011088011087,5.5266,-0.24540000000000006,-0.042515592515592525,6.476400000000001,0.7044000000000006,0.12203742203742213,5.28623,-0.4857700000000005,-0.08415973665973674,4.770910000000001,-1.0010899999999996,-0.17343901593901587,5.5139,-0.25810000000000066,-0.04471586971586983
93,6.667,4.84295,-1.8240499999999997,-0.2735938203089845,6.0841,-0.5828999999999995,-0.08743062846857651,7.134199999999999,0.46719999999999917,0.07007649617519111,7.1655999999999995,0.4985999999999997,0.07478626068696562,7.1078,0.4408000000000003,0.06611669416529178,5.236870000000001,-1.4301299999999992,-0.21450877456127182,7.2453,0.5783000000000005,0.08674066296685173,5.9852,-0.6818,-0.10226488675566221,7.139400000000001,0.47240000000000126,0.07085645717714134,5.81143,-0.8555700000000002,-0.12832908354582273,5.31341,-1.3535899999999996,-0.20302834858257082,5.975099999999999,-0.6919000000000004,-0.1037798110094496
94,5.641,4.79635,-0.8446499999999997,-0.14973408970040766,5.8921,0.2511000000000001,0.04451338415174616,5.775199999999999,0.134199999999999,0.023790108136854986,5.9626,0.3216000000000001,0.05701116823258289,5.8588,0.21779999999999955,0.03861017550079765,4.89307,-0.7479300000000002,-0.13258819358269813,5.866300000000001,0.22530000000000072,0.039939726998759216,5.7983,0.15730000000000022,0.027885126750576177,5.8714,0.23040000000000038,0.040843822017372876,5.57933,-0.061670000000000336,-0.010932458783903623,5.12141,-0.51959,-0.09210955504343202,5.7873,0.1463000000000001,0.025935117886899502
95,7.791,6.261150000000001,-1.5298499999999997,-0.19636118598382746,7.653100000000001,-0.13789999999999925,-0.017699910152740243,8.336199999999998,0.5451999999999977,0.06997817995122547,8.5016,0.7105999999999995,0.09120780387626741,8.393799999999999,0.6027999999999984,0.0773713258888459,6.37457,-1.41643,-0.1818033628545758,8.4633,0.6722999999999999,0.08629187524066229,7.5298,-0.26120000000000054,-0.03352586317545893,8.4174,0.6264000000000003,0.08040046207162113,7.2276299999999996,-0.5633700000000008,-0.07231035810550646,6.6410100000000005,-1.1499899999999998,-0.1476049287639584,7.514799999999999,-0.2762000000000011,-0.0354511615967143
